上榜时间,股票代码,股票名称,现价,涨跌幅,成交额,上榜涨幅,榜间涨幅
2024-06-03 10:03:36,600171,上海贝岭,16.98,1.98,102894.35,0.06,0.06
2024-06-03 10:03:36,300458,全志科技,21.62,4.19,49575.76,0.05,0.05
2024-06-03 10:03:36,300408,三环集团,29.67,1.99,6594.01,0.00,0.00
2024-06-03 10:03:36,601919,中远海控,15.92,5.85,184355.41,0.26,0.00
2024-06-03 10:03:36,300661,圣邦股份,79.45,2.42,6165.21,-0.16,-0.16
2024-06-03 10:09:01,300661,圣邦股份,79.35,2.29,6701.55,0.01,0.02
2024-06-03 10:09:01,300458,全志科技,21.53,3.76,53541.67,0.53,0.00
2024-06-03 10:09:01,600171,上海贝岭,16.91,1.56,112789.57,0.30,-0.12
2024-06-03 10:09:01,601919,中远海控,15.89,5.65,191474.00,-0.13,-0.13
2024-06-03 10:13:37,600161,天坛生物,30.47,7.52,38534.33,0.00,0.04
2024-06-03 10:13:37,002938,鹏鼎控股,30.28,1.27,16879.39,0.00,0.00
2024-06-03 10:13:37,300408,三环集团,29.63,1.86,8445.65,0.00,0.00
2024-06-03 10:13:37,600171,上海贝岭,16.81,0.96,116539.98,-0.30,0.00
2024-06-03 10:13:37,300502,新易盛,93.17,7.43,193972.28,-0.12,-0.03
2024-06-03 10:13:37,300458,全志科技,21.53,3.76,55990.48,0.53,-0.05
2024-06-03 10:18:12,002938,鹏鼎控股,30.3,1.34,18039.48,0.07,0.07
2024-06-03 10:18:12,600171,上海贝岭,16.91,1.56,118933.95,0.30,0.06
2024-06-03 10:18:12,300458,全志科技,21.59,4.05,58836.35,0.82,0.05
2024-06-03 10:18:12,600161,天坛生物,30.5,7.62,40728.57,0.10,0.03
2024-06-03 10:18:12,002463,沪电股份,33.13,6.02,110876.11,0.00,0.00
2024-06-03 10:18:12,300502,新易盛,93.17,7.43,205881.78,-0.12,-0.15
2024-06-03 10:18:12,300408,三环集团,29.58,1.68,9179.64,-0.18,-0.18
2024-06-03 10:22:56,002938,鹏鼎控股,30.41,1.71,19510.40,0.44,0.37
2024-06-03 10:22:56,002463,沪电股份,33.15,6.08,118189.76,0.06,0.06
2024-06-03 10:22:56,300458,全志科技,21.64,4.29,64441.80,1.06,0.05
2024-06-03 10:22:56,600171,上海贝岭,16.79,0.84,121652.93,-0.42,-0.06
2024-06-03 10:22:56,300408,三环集团,29.51,1.44,9746.12,-0.42,-0.24
2024-06-03 10:22:56,300502,新易盛,92.6,6.77,218611.53,-0.78,-0.66
2024-06-03 10:27:42,300502,新易盛,94.2,8.61,230460.81,1.06,1.84
2024-06-03 10:27:42,002463,沪电股份,33.29,6.53,123552.72,0.51,0.45
2024-06-03 10:27:42,002938,鹏鼎控股,30.46,1.87,21368.32,0.60,0.16
2024-06-03 10:27:42,300408,三环集团,29.52,1.48,10520.83,-0.38,0.04
2024-06-03 10:27:42,300458,全志科技,21.51,3.66,67040.85,0.43,-0.05
2024-06-03 10:32:24,300502,新易盛,95.5,10.11,249101.30,2.56,1.50
2024-06-03 10:32:24,002463,沪电股份,33.64,7.65,130887.41,1.63,1.12
2024-06-03 10:32:24,002938,鹏鼎控股,30.59,2.31,22711.04,1.04,0.44
2024-06-03 10:32:24,600171,上海贝岭,16.66,0.06,127113.85,-1.20,0.06
2024-06-03 10:32:24,002916,深南电路,97.33,8.23,42599.67,0.00,0.00
2024-06-03 10:32:24,300661,圣邦股份,79.15,2.04,8590.73,-0.24,0.00
2024-06-03 10:32:24,603986,兆易创新,86.82,4.46,120122.88,-0.16,-0.02
2024-06-03 10:32:24,300458,全志科技,21.68,4.48,68849.77,1.25,-0.15
2024-06-03 10:32:24,300408,三环集团,29.46,1.27,11115.26,-0.59,-0.21
2024-06-03 10:37:04,300502,新易盛,95.65,10.28,259544.22,2.73,0.17
2024-06-03 10:37:04,002938,鹏鼎控股,30.58,2.27,25286.40,1.00,0.10
2024-06-03 10:37:04,300661,圣邦股份,79.17,2.06,9142.57,-0.22,0.09
2024-06-03 10:37:04,300408,三环集团,29.48,1.34,11891.30,-0.52,0.07
2024-06-03 10:37:04,002463,沪电股份,33.6,7.52,136443.36,1.50,0.00
2024-06-03 10:37:04,300458,全志科技,21.46,3.42,70699.67,0.19,0.00
2024-06-03 10:37:04,600171,上海贝岭,16.65,0.0,129615.89,-1.26,-0.06
2024-06-03 10:41:26,002463,沪电股份,33.55,7.36,140847.67,1.34,0.16
2024-06-03 10:41:26,300408,三环集团,29.52,1.48,12478.25,-0.38,0.14
2024-06-03 10:41:26,002938,鹏鼎控股,30.53,2.11,26653.52,0.84,0.00
2024-06-03 10:41:26,300458,全志科技,21.42,3.23,71882.86,0.00,0.00
2024-06-03 10:41:26,300661,圣邦股份,79.03,1.88,9260.40,-0.40,0.00
2024-06-03 10:41:26,300502,新易盛,95.18,9.74,271426.96,2.19,-0.54
2024-06-03 10:45:48,300502,新易盛,95.5,10.11,278510.94,2.56,0.37
2024-06-03 10:45:48,300661,圣邦股份,79.37,2.32,9481.66,0.04,0.04
2024-06-03 10:45:48,002463,沪电股份,33.9,8.48,147991.12,2.46,0.03
2024-06-03 10:45:48,300408,三环集团,29.52,1.48,12797.65,-0.38,0.00
2024-06-03 10:45:48,300458,全志科技,21.46,3.42,73049.64,0.19,0.00
2024-06-03 10:45:48,002938,鹏鼎控股,30.59,2.31,27494.69,1.04,-0.06
2024-06-03 10:45:48,600171,上海贝岭,16.73,0.48,134186.15,-0.78,-0.18
2024-06-03 10:50:12,300458,全志科技,21.36,2.94,74652.46,-0.29,0.05
2024-06-03 10:50:12,002463,沪电股份,33.67,7.74,151420.22,1.72,0.03
2024-06-03 10:50:12,002938,鹏鼎控股,30.37,1.57,28482.46,0.30,0.03
2024-06-03 10:50:12,300661,圣邦股份,79.21,2.11,9717.22,-0.17,-0.02
2024-06-03 10:50:12,300502,新易盛,95.32,9.9,283503.00,2.35,-0.21
2024-06-03 10:50:12,300408,三环集团,29.45,1.24,13066.83,-0.62,-0.24
2024-06-03 10:54:31,300502,新易盛,96.3,11.03,293051.28,3.48,1.13
2024-06-03 10:54:31,300408,三环集团,29.48,1.34,13429.91,-0.52,0.10
2024-06-03 10:54:31,002463,沪电股份,33.89,8.45,154471.92,2.43,0.10
2024-06-03 10:54:31,600171,上海贝岭,16.67,0.12,135981.11,-1.14,0.06
2024-06-03 10:54:31,002938,鹏鼎控股,30.47,1.91,29117.87,0.64,0.00
2024-06-03 10:54:31,300661,圣邦股份,79.49,2.48,9899.49,0.20,0.00
2024-06-03 10:54:31,600183,生益科技,20.59,4.1,28426.75,0.00,0.00
2024-06-03 10:54:31,300458,全志科技,21.47,3.47,75601.33,0.24,-0.10
2024-06-03 10:58:52,300661,圣邦股份,79.76,2.82,11100.59,0.54,0.34
2024-06-03 10:58:52,300408,三环集团,29.53,1.51,13829.05,-0.35,0.17
2024-06-03 10:58:52,300502,新易盛,96.55,11.32,301198.52,3.77,-0.13
2024-06-03 10:58:52,002938,鹏鼎控股,30.51,2.04,29849.44,0.77,-0.13
2024-06-03 10:58:52,600183,生益科技,20.63,4.3,30125.10,0.20,-0.15
2024-06-03 10:58:52,002463,沪电股份,34.15,9.28,162375.47,3.26,-0.16
2024-06-03 10:58:52,300458,全志科技,21.41,3.18,76249.17,-0.05,-0.29
2024-06-03 11:03:23,300458,全志科技,21.45,3.37,77018.31,0.14,0.19
2024-06-03 11:03:23,002938,鹏鼎控股,30.5,2.01,30598.78,0.74,0.04
2024-06-03 11:03:23,300408,三环集团,29.53,1.51,14113.19,-0.35,0.00
2024-06-03 11:03:23,600183,生益科技,20.62,4.25,31230.48,0.15,0.00
2024-06-03 11:03:23,002463,沪电股份,34.23,9.54,166523.88,3.52,-0.06
2024-06-03 11:03:23,300502,新易盛,96.55,11.32,307595.18,3.77,-0.07
2024-06-03 11:03:23,300661,圣邦股份,79.6,2.62,11651.74,0.34,-0.20
2024-06-03 11:07:44,300458,全志科技,21.49,3.57,77780.19,0.34,0.20
2024-06-03 11:07:44,002463,沪电股份,33.98,8.74,170758.69,2.72,0.07
2024-06-03 11:07:44,300502,新易盛,96.2,10.92,311252.96,3.37,0.05
2024-06-03 11:07:44,002938,鹏鼎控股,30.6,2.34,31518.11,1.07,0.00
2024-06-03 11:07:44,300661,圣邦股份,79.6,2.62,11957.88,0.34,0.00
2024-06-03 11:07:44,300814,中富电路,34.2,17.12,40747.79,0.00,0.00
2024-06-03 11:07:44,300408,三环集团,29.5,1.41,14327.07,-0.45,-0.10
2024-06-03 11:12:02,002938,鹏鼎控股,30.48,1.94,32291.09,0.67,-0.07
2024-06-03 11:12:02,002463,沪电股份,33.88,8.42,173967.87,2.40,-0.09
2024-06-03 11:12:02,300408,三环集团,29.47,1.31,14606.38,-0.55,-0.10
2024-06-03 11:12:02,300661,圣邦股份,79.49,2.48,12079.56,0.20,-0.14
2024-06-03 11:12:02,300502,新易盛,95.91,10.58,315896.18,3.03,-0.34
2024-06-03 11:12:02,300458,全志科技,21.35,2.89,78912.96,-0.34,-0.68
2024-06-03 11:16:18,002938,鹏鼎控股,30.51,2.04,33213.82,0.77,0.23
2024-06-03 11:16:18,002463,沪电股份,33.71,7.87,177617.29,1.85,0.03
2024-06-03 11:16:18,300408,三环集团,29.46,1.27,14975.46,-0.59,-0.04
2024-06-03 11:16:18,300502,新易盛,95.5,10.11,319585.31,2.56,-0.47
2024-06-03 11:16:18,300661,圣邦股份,78.97,1.8,12795.92,-0.48,-0.68
2024-06-03 11:16:18,300458,全志科技,21.19,2.12,81200.76,-1.11,-0.77
2024-06-03 11:20:32,002938,鹏鼎控股,30.45,1.84,33869.97,0.57,0.03
2024-06-03 11:20:32,300502,新易盛,95.51,10.12,323192.91,2.57,0.01
2024-06-03 11:20:32,002463,沪电股份,33.61,7.55,180250.30,1.53,-0.03
2024-06-03 11:20:32,300458,全志科技,21.18,2.07,83119.82,-1.16,-0.05
2024-06-03 11:20:32,300408,三环集团,29.43,1.17,15750.47,-0.69,-0.10
2024-06-03 11:24:49,300661,圣邦股份,79.02,1.87,13328.16,-0.41,0.07
2024-06-03 11:24:49,300458,全志科技,21.19,2.12,84212.33,-1.11,0.05
2024-06-03 11:24:49,300408,三环集团,29.44,1.2,16093.54,-0.66,0.03
2024-06-03 11:24:49,002463,沪电股份,33.7,7.84,182257.56,1.82,0.00
2024-06-03 11:24:49,002938,鹏鼎控股,30.46,1.87,34600.73,0.60,-0.07
2024-06-03 11:24:49,300502,新易盛,95.41,10.01,326374.03,2.46,-0.11
2024-06-03 11:29:11,300458,全志科技,21.32,2.75,85005.92,-0.48,0.63
2024-06-03 11:29:11,600171,上海贝岭,16.69,0.24,146017.82,-1.02,0.12
2024-06-03 11:29:11,002938,鹏鼎控股,30.41,1.71,35302.28,0.44,-0.03
2024-06-03 11:29:11,002463,沪电股份,33.76,8.03,183688.50,2.01,-0.03
2024-06-03 11:29:11,300408,三环集团,29.38,1.0,16562.27,-0.86,-0.20
2024-06-03 11:29:11,300661,圣邦股份,78.85,1.65,13897.44,-0.63,-0.22
2024-06-03 11:29:11,300502,新易盛,94.9,9.42,331319.78,1.87,-0.59
2024-06-03 13:03:35,300661,圣邦股份,79.02,1.87,14312.15,-0.41,0.22
2024-06-03 13:03:35,300408,三环集团,29.42,1.13,17424.85,-0.73,0.13
2024-06-03 13:03:35,002938,鹏鼎控股,30.49,1.97,36812.60,0.70,0.00
2024-06-03 13:03:35,002463,沪电股份,33.7,7.84,186383.21,1.82,-0.10
2024-06-03 13:03:35,600171,上海贝岭,16.66,0.06,147074.71,-1.20,-0.18
2024-06-03 13:03:35,300458,全志科技,21.26,2.46,86318.72,-0.77,-0.29
2024-06-03 13:07:44,300458,全志科技,21.36,2.94,87257.19,-0.29,0.48
2024-06-03 13:07:44,002463,沪电股份,33.64,7.65,188271.87,1.63,0.13
2024-06-03 13:07:44,002938,鹏鼎控股,30.54,2.14,37562.61,0.87,-0.03
2024-06-03 13:07:44,300661,圣邦股份,79.0,1.84,14452.80,-0.44,-0.03
2024-06-03 13:07:44,300408,三环集团,29.34,0.86,17701.11,-1.00,-0.27
2024-06-03 13:11:54,600171,上海贝岭,16.69,0.24,148816.50,-1.02,0.12
2024-06-03 13:11:54,300661,圣邦股份,78.93,1.75,14659.86,-0.53,0.02
2024-06-03 13:11:54,002938,鹏鼎控股,30.5,2.01,38525.41,0.74,0.00
2024-06-03 13:11:54,300408,三环集团,29.31,0.76,18139.21,-1.10,-0.10
2024-06-03 13:11:54,300458,全志科技,21.29,2.6,88250.17,-0.63,-0.10
2024-06-03 13:11:54,002463,沪电股份,33.38,6.82,191118.38,0.80,-0.12
2024-06-03 13:16:10,600171,上海贝岭,16.9,1.5,151220.49,0.24,1.26
2024-06-03 13:16:10,002938,鹏鼎控股,30.39,1.64,39538.92,0.37,0.13
2024-06-03 13:16:10,300661,圣邦股份,79.0,1.84,15005.34,-0.44,0.09
2024-06-03 13:16:10,300458,全志科技,21.3,2.65,89106.94,-0.58,0.05
2024-06-03 13:16:10,002463,沪电股份,33.54,7.33,194688.71,1.31,0.03
2024-06-03 13:16:10,300408,三环集团,29.29,0.69,18454.19,-1.17,-0.07
2024-06-03 13:20:21,300661,圣邦股份,79.2,2.1,15188.74,-0.18,0.26
2024-06-03 13:20:21,600171,上海贝岭,16.93,1.68,156146.23,0.42,0.18
2024-06-03 13:20:21,300408,三环集团,29.3,0.72,18780.60,-1.14,0.03
2024-06-03 13:20:21,002463,沪电股份,33.63,7.62,196184.34,1.60,0.00
2024-06-03 13:20:21,002938,鹏鼎控股,30.25,1.17,40368.92,-0.10,0.00
2024-06-03 13:20:21,300458,全志科技,21.17,2.02,90268.21,-1.21,-0.63
2024-06-03 13:24:33,300458,全志科技,21.22,2.27,91186.98,-0.96,0.25
2024-06-03 13:24:33,300408,三环集团,29.32,0.79,19110.70,-1.07,0.07
2024-06-03 13:24:33,002463,沪电股份,33.65,7.68,198432.02,1.66,0.03
2024-06-03 13:24:33,002938,鹏鼎控股,30.26,1.2,40886.93,-0.07,0.00
2024-06-03 13:24:33,300661,圣邦股份,79.04,1.9,15308.06,-0.38,-0.20
2024-06-03 13:24:33,600171,上海贝岭,16.81,0.96,157619.46,-0.30,-0.72
2024-06-03 13:29:13,600171,上海贝岭,17.02,2.22,160273.08,0.96,1.26
2024-06-03 13:29:13,300458,全志科技,21.26,2.46,91839.71,-0.77,0.19
2024-06-03 13:29:13,002463,沪电股份,33.55,7.36,199661.60,1.34,0.03
2024-06-03 13:29:13,002938,鹏鼎控股,30.37,1.57,41696.98,0.30,-0.04
2024-06-03 13:29:13,300661,圣邦股份,78.96,1.79,15451.98,-0.49,-0.11
2024-06-03 13:29:13,300408,三环集团,29.28,0.65,19487.76,-1.21,-0.14
2024-06-03 13:33:28,300458,全志科技,21.47,3.47,92920.22,0.24,1.01
2024-06-03 13:33:28,300408,三环集团,29.35,0.89,20145.15,-0.97,0.24
2024-06-03 13:33:28,002463,沪电股份,33.63,7.62,201403.55,1.60,0.00
2024-06-03 13:33:28,002938,鹏鼎控股,30.39,1.64,42096.86,0.37,0.00
2024-06-03 13:33:28,300661,圣邦股份,78.91,1.73,15688.65,-0.55,-0.06
2024-06-03 13:33:28,600171,上海贝岭,16.91,1.56,162998.56,0.30,-0.66
2024-06-03 13:37:52,002938,鹏鼎控股,30.35,1.51,43039.34,0.24,-0.06
2024-06-03 13:37:52,300408,三环集团,29.33,0.83,20544.43,-1.03,-0.06
2024-06-03 13:37:52,002463,沪电股份,33.67,7.74,202824.22,1.72,-0.10
2024-06-03 13:37:52,300661,圣邦股份,78.83,1.62,16404.05,-0.66,-0.11
2024-06-03 13:37:52,600171,上海贝岭,16.86,1.26,164537.17,0.00,-0.30
2024-06-03 13:37:52,300458,全志科技,21.35,2.89,93978.92,-0.34,-0.58
2024-06-03 13:42:04,601919,中远海控,16.1,7.05,345371.43,1.27,1.40
2024-06-03 13:42:04,002463,沪电股份,33.56,7.39,203754.05,1.37,0.00
2024-06-03 13:42:04,002938,鹏鼎控股,30.38,1.61,43392.81,0.34,0.00
2024-06-03 13:42:04,300458,全志科技,21.33,2.8,94631.12,-0.43,-0.09
2024-06-03 13:42:04,300408,三环集团,29.3,0.72,20780.37,-1.14,-0.11
2024-06-03 13:42:04,600171,上海贝岭,16.81,0.96,165256.83,-0.30,-0.30
2024-06-03 13:46:19,600171,上海贝岭,16.96,1.86,166191.93,0.60,0.90
2024-06-03 13:46:19,601919,中远海控,16.11,7.11,347129.44,1.33,0.06
2024-06-03 13:46:19,300408,三环集团,29.29,0.69,21097.93,-1.17,-0.03
2024-06-03 13:46:19,002463,沪电股份,33.48,7.14,204707.15,1.12,-0.03
2024-06-03 13:46:19,002938,鹏鼎控股,30.37,1.57,43746.57,0.30,-0.04
2024-06-03 13:46:19,300458,全志科技,21.31,2.7,95107.85,-0.53,-0.10
2024-06-03 13:50:30,300661,圣邦股份,78.87,1.68,17392.89,-0.60,0.06
2024-06-03 13:50:30,300458,全志科技,21.32,2.75,95581.67,-0.48,0.05
2024-06-03 13:50:30,300408,三环集团,29.3,0.72,21352.71,-1.14,0.03
2024-06-03 13:50:30,002938,鹏鼎控股,30.36,1.54,44549.29,0.27,0.00
2024-06-03 13:50:30,002463,沪电股份,33.49,7.17,205866.17,1.15,-0.03
2024-06-03 13:50:30,601919,中远海控,16.1,7.05,348922.33,1.27,-0.06
2024-06-03 13:50:30,600171,上海贝岭,16.82,1.02,166951.10,-0.24,-0.84
2024-06-03 13:54:44,600171,上海贝岭,17.09,2.64,170174.13,1.38,1.62
2024-06-03 13:54:44,300458,全志科技,21.45,3.37,96541.47,0.14,0.62
2024-06-03 13:54:44,300408,三环集团,29.35,0.89,21705.36,-0.97,0.17
2024-06-03 13:54:44,002463,沪电股份,33.49,7.17,207093.31,1.15,0.13
2024-06-03 13:54:44,002938,鹏鼎控股,30.38,1.61,45442.49,0.34,0.00
2024-06-03 13:54:44,601919,中远海控,16.06,6.78,352227.07,1.00,-0.27
2024-06-03 13:58:57,002938,鹏鼎控股,30.26,1.2,45991.43,-0.07,0.03
2024-06-03 13:58:57,002463,沪电股份,33.39,6.85,208187.33,0.83,0.03
2024-06-03 13:58:57,300408,三环集团,29.3,0.72,21921.24,-1.14,-0.17
2024-06-03 13:58:57,600171,上海贝岭,17.05,2.4,172456.49,1.14,-0.24
2024-06-03 13:58:57,601919,中远海控,15.99,6.32,355932.75,0.54,-0.46
2024-06-03 13:58:57,300458,全志科技,21.32,2.75,96968.17,-0.48,-0.62
2024-06-03 14:03:09,601919,中远海控,16.03,6.58,358153.65,0.80,0.26
2024-06-03 14:03:09,300408,三环集团,29.36,0.93,22151.77,-0.93,0.21
2024-06-03 14:03:09,300458,全志科技,21.35,2.89,97510.13,-0.34,0.14
2024-06-03 14:03:09,002938,鹏鼎控股,30.22,1.07,46663.03,-0.20,0.07
2024-06-03 14:03:09,002463,沪电股份,33.35,6.72,209907.27,0.70,0.00
2024-06-03 14:03:09,600171,上海贝岭,17.05,2.4,173734.20,1.14,0.00
2024-06-03 14:07:24,300408,三环集团,29.4,1.07,22778.56,-0.79,0.14
2024-06-03 14:07:24,002938,鹏鼎控股,30.22,1.07,47112.79,-0.20,-0.03
2024-06-03 14:07:24,002463,沪电股份,33.22,6.3,212371.62,0.28,-0.04
2024-06-03 14:07:24,601919,中远海控,16.02,6.52,360126.23,0.74,-0.06
2024-06-03 14:07:24,300458,全志科技,21.25,2.41,98418.89,-0.82,-0.48
2024-06-03 14:07:24,600171,上海贝岭,16.95,1.8,174699.84,0.54,-0.60
2024-06-03 14:11:40,002938,鹏鼎控股,30.26,1.2,47587.30,-0.07,0.03
2024-06-03 14:11:40,601919,中远海控,16.02,6.52,361928.07,0.74,0.00
2024-06-03 14:11:40,002463,沪电股份,33.19,6.21,213907.19,0.19,-0.06
2024-06-03 14:15:59,300458,全志科技,21.27,2.51,99878.73,-0.72,0.10
2024-06-03 14:15:59,002463,沪电股份,33.23,6.34,215600.83,0.32,0.00
2024-06-03 14:15:59,002938,鹏鼎控股,30.24,1.14,48123.77,-0.13,0.00
2024-06-03 14:15:59,300408,三环集团,29.39,1.03,23748.78,-0.83,-0.04
2024-06-03 14:15:59,600171,上海贝岭,16.92,1.62,176470.38,0.36,-0.18
2024-06-03 14:20:19,002463,沪电股份,33.2,6.24,217254.54,0.22,0.03
2024-06-03 14:20:19,002938,鹏鼎控股,30.21,1.04,48571.82,-0.23,-0.10
2024-06-03 14:24:46,002463,沪电股份,33.08,5.86,220712.05,-0.16,0.13
2024-06-03 14:29:12,002463,沪电股份,33.15,6.08,222737.64,0.06,-0.16
2024-06-03 14:33:32,002463,沪电股份,33.16,6.11,224262.40,0.09,0.03
2024-06-03 14:37:55,002463,沪电股份,33.27,6.46,225802.05,0.44,0.19
2024-06-03 14:42:11,300458,全志科技,21.43,3.28,107478.31,0.05,0.77
2024-06-03 14:42:11,601919,中远海控,16.04,6.65,381365.36,0.87,0.13
2024-06-03 14:42:11,002463,沪电股份,33.31,6.59,227719.96,0.57,0.03
2024-06-03 14:42:11,300661,圣邦股份,78.84,1.64,20757.83,-0.64,-0.04
2024-06-03 14:42:11,300408,三环集团,29.33,0.83,26571.61,-1.03,-0.20
2024-06-03 14:42:11,600171,上海贝岭,16.83,1.08,185093.54,-0.18,-0.54
2024-06-03 14:46:44,600171,上海贝岭,16.88,1.38,187202.54,0.12,0.30
2024-06-03 14:46:44,300458,全志科技,21.48,3.52,108902.60,0.29,0.24
2024-06-03 14:46:44,300661,圣邦股份,78.97,1.8,21091.03,-0.48,0.16
2024-06-03 14:46:44,601919,中远海控,16.05,6.72,387859.33,0.94,0.07
2024-06-03 14:46:44,300408,三环集团,29.33,0.83,27148.49,-1.03,0.00
2024-06-03 14:46:44,002463,沪电股份,33.5,7.2,230353.16,1.18,-0.03
2024-06-03 14:48:38,300502,新易盛,95.03,9.57,400845.18,0.00,0.00
2024-06-03 14:51:10,300661,圣邦股份,79.27,2.19,21882.40,-0.09,0.39
2024-06-03 14:51:10,600171,上海贝岭,16.93,1.68,189364.38,0.42,0.30
2024-06-03 14:51:10,300408,三环集团,29.41,1.1,27797.33,-0.76,0.27
2024-06-03 14:51:10,002938,鹏鼎控股,30.19,0.97,52395.48,-0.30,-0.07
2024-06-03 14:51:10,002463,沪电股份,33.52,7.26,233566.18,1.24,-0.07
2024-06-03 14:51:10,300458,全志科技,21.41,3.18,110858.02,-0.05,-0.34
2024-06-03 14:55:33,300458,全志科技,21.45,3.37,112882.19,0.14,0.19
2024-06-03 14:55:33,300408,三环集团,29.46,1.27,28270.64,-0.59,0.17
2024-06-03 14:55:33,002938,鹏鼎控股,30.2,1.0,53170.09,-0.27,0.03
2024-06-03 14:55:33,002463,沪电股份,33.47,7.1,236087.72,1.08,0.03
2024-06-03 14:55:33,300661,圣邦股份,79.18,2.08,22296.78,-0.20,-0.11
2024-06-03 14:55:33,600171,上海贝岭,16.88,1.38,193293.61,0.12,-0.30
2024-06-03 14:59:47,300408,三环集团,29.49,1.38,28802.58,-0.48,0.11
2024-06-03 14:59:47,300458,全志科技,21.46,3.42,114341.49,0.19,0.05
2024-06-03 14:59:47,002463,沪电股份,33.48,7.14,237956.98,1.12,0.00
2024-06-03 14:59:47,002938,鹏鼎控股,30.19,0.97,53591.52,-0.30,0.00
2024-06-03 14:59:47,300661,圣邦股份,78.95,1.78,22541.17,-0.50,-0.30
2024-06-03 14:59:47,600171,上海贝岭,16.76,0.66,198106.01,-0.60,-0.72
2024-06-03 15:36:48,002463,沪电股份,33.45,7.04,240050.11,0.00,0.00
2024-06-03 15:36:48,002938,鹏鼎控股,30.19,0.97,54165.43,0.00,0.00
2024-06-03 15:36:48,300408,三环集团,29.42,1.13,29066.10,0.00,0.00
2024-06-03 15:36:48,300433,蓝思科技,15.52,1.44,58708.35,0.00,0.00
2024-06-03 15:36:48,300458,全志科技,21.46,3.42,115356.33,0.00,0.00
2024-06-03 15:36:48,300647,超频三,6.38,13.52,86509.35,0.00,0.00
2024-06-03 15:36:48,300661,圣邦股份,78.95,1.78,22783.75,0.00,0.00
2024-06-03 15:36:48,301329,信音电子,23.92,1.7,71796.27,0.00,0.00
2024-06-03 15:36:48,600171,上海贝岭,16.78,0.78,201315.52,0.00,0.00
2024-06-03 15:36:48,603890,春秋电子,11.45,6.51,128327.05,0.00,0.00
2024-06-04 09:35:53,300476,胜宏科技,30.6,4.69,32232.34
2024-06-04 09:35:53,002463,沪电股份,33.74,0.87,17336.11
2024-06-04 09:39:19,002736,国信证券,9.23,0.65,6526.43
2024-06-04 09:39:19,002463,沪电股份,33.6,0.45,24170.32
2024-06-04 09:39:19,002463,沪电股份,33.61,0.48,24262.40
2024-06-04 09:39:19,002463,沪电股份,33.55,0.3,24522.77
2024-06-04 09:39:19,002463,沪电股份,33.53,0.24,24594.89
2024-06-04 09:49:33,002736,国信证券,9.17,0.0,10488.22
2024-06-04 09:49:33,605058,澳弘电子,19.62,2.29,3677.59
2024-06-04 09:49:33,605058,澳弘电子,19.63,2.35,3683.87
2024-06-04 09:49:33,605058,澳弘电子,19.67,2.55,3692.13
2024-06-04 09:54:22,605058,澳弘电子,19.63,2.35,4038.33
2024-06-04 09:54:22,605058,澳弘电子,19.6,2.19,4044.80
2024-06-04 09:54:22,605058,澳弘电子,19.59,2.14,4062.63
2024-06-04 09:59:04,002736,国信证券,9.19,0.22,12937.73
2024-06-04 09:59:04,605058,澳弘电子,19.7,2.71,4311.23
2024-06-04 09:59:04,605058,澳弘电子,19.69,2.66,4315.96
2024-06-04 09:59:04,605058,澳弘电子,19.66,2.5,4330.71
2024-06-04 09:59:04,605058,澳弘电子,19.65,2.45,4334.25
2024-06-04 09:59:04,605058,澳弘电子,19.66,2.5,4345.25
2024-06-04 09:59:04,605058,澳弘电子,19.66,2.5,4346.23
2024-06-04 10:03:53,300476,胜宏科技,30.72,5.1,73361.58
2024-06-04 10:03:53,002463,沪电股份,33.63,0.54,46537.91
2024-06-04 10:03:53,600572,康恩贝,5.34,2.5,8829.16
2024-06-04 10:03:53,600976,健民集团,66.46,2.99,4271.78
2024-06-04 10:03:53,002736,国信证券,9.21,0.44,14172.08
2024-06-04 10:03:53,605058,澳弘电子,19.54,1.88,4510.30
2024-06-04 10:48:25,601328,交通银行,7.15,0.85,35147.34
2024-06-04 10:52:45,601328,交通银行,7.15,0.85,35819.71
2024-06-04 11:05:49,300476,胜宏科技,31.14,6.53,115554.38
2024-06-04 11:05:49,605058,澳弘电子,19.41,1.2,5525.83
2024-06-04 11:10:19,300476,胜宏科技,31.25,6.91,117497.91
2024-06-04 11:10:19,605058,澳弘电子,19.44,1.36,5560.43
2024-06-04 11:14:37,300476,胜宏科技,31.16,6.6,120187.01
2024-06-04 11:14:37,605058,澳弘电子,19.46,1.46,5595.09
2024-06-04 13:23:41,300552,万集科技,39.09,15.62,139725.32
2024-06-04 13:23:41,600996,贵广网络,8.82,1.38,66900.38
2024-06-04 13:23:41,300650,太龙股份,12.27,1.66,64733.66
2024-06-04 13:23:41,300822,贝仕达克,16.98,15.67,45486.60
2024-06-04 13:23:41,301339,通行宝,21.5,6.59,42414.79
2024-06-04 13:23:41,300447,全信股份,15.38,4.91,36934.14
2024-06-04 13:23:41,301083,百胜智能,16.39,13.5,23674.25
2024-06-04 13:23:41,300952,恒辉安防,22.5,5.63,21229.62
2024-06-04 13:23:41,000726,鲁泰A,7.36,5.14,19630.77
2024-06-04 13:23:41,600962,国投中鲁,12.57,2.11,13819.31
2024-06-04 13:23:41,301229,纽泰格,24.48,5.93,6775.17
2024-06-04 13:32:11,000400,许继电气,32.62,5.6,65798.34
2024-06-04 13:32:11,601126,四方股份,18.18,4.78,29882.90
2024-06-04 13:32:11,000400,许继电气,32.76,6.05,66254.35
2024-06-04 13:32:11,601126,四方股份,18.17,4.73,29939.63
2024-06-04 13:32:11,000400,许继电气,32.75,6.02,66325.40
2024-06-04 13:32:11,601126,四方股份,18.18,4.78,29957.44
2024-06-04 13:36:08,000400,许继电气,32.66,5.73,69554.50
2024-06-04 13:36:08,601126,四方股份,18.2,4.9,30649.15
2024-06-04 13:36:08,600795,国电电力,5.58,2.2,62410.84
2024-06-04 13:36:08,000400,许继电气,32.63,5.63,69643.68
2024-06-04 13:36:08,601126,四方股份,18.19,4.84,30672.43
2024-06-04 13:40:08,600795,国电电力,5.56,1.83,64396.57
2024-06-04 13:43:57,600795,国电电力,5.57,2.01,65516.46
2024-06-04 13:55:20,000400,许继电气,32.76,6.05,75876.84
2024-06-04 13:55:20,601126,四方股份,18.48,6.51,37513.11
2024-06-04 13:55:20,600795,国电电力,5.56,1.83,67436.16
2024-06-04 13:55:20,000400,许继电气,32.77,6.09,76005.92
2024-06-04 13:55:20,601126,四方股份,18.46,6.4,37569.26
2024-06-04 13:59:19,000400,许继电气,32.67,5.76,77440.73
2024-06-04 13:59:19,601126,四方股份,18.52,6.74,38340.11
2024-06-04 13:59:19,600795,国电电力,5.56,1.83,68286.15
2024-06-04 13:59:19,600900,长江电力,27.5,0.26,170333.79
2024-06-04 13:59:19,601985,中国核电,10.12,0.9,109552.83
2024-06-04 13:59:19,600795,国电电力,5.56,1.83,68341.46
2024-06-04 13:59:19,600025,华能水电,10.4,1.46,37473.05
2024-06-04 13:59:19,600674,川投能源,18.24,0.94,24306.81
2024-06-04 13:59:19,000400,许继电气,32.63,5.63,77519.43
2024-06-04 13:59:19,601126,四方股份,18.53,6.8,38459.63
2024-06-04 14:03:16,000400,许继电气,32.74,5.99,78500.42
2024-06-04 14:03:16,601126,四方股份,18.6,7.2,40231.13
2024-06-04 14:03:16,000883,湖北能源,6.08,3.58,14250.97
2024-06-04 14:03:16,600795,国电电力,5.57,2.01,69162.66
2024-06-04 14:03:16,600900,长江电力,27.5,0.26,172033.86
2024-06-04 14:03:16,601985,中国核电,10.13,1.0,111539.24
2024-06-04 14:03:16,600795,国电电力,5.56,1.83,69173.11
2024-06-04 14:03:16,600025,华能水电,10.4,1.46,38034.53
2024-06-04 14:03:16,600674,川投能源,18.21,0.77,25085.63
2024-06-04 14:03:16,000400,许继电气,32.74,5.99,78563.95
2024-06-04 14:03:16,601126,四方股份,18.59,7.15,40429.05
2024-06-04 14:07:29,000400,许继电气,32.7,5.86,79895.33
2024-06-04 14:07:29,601126,四方股份,18.61,7.26,41513.00
2024-06-04 14:07:29,600795,国电电力,5.56,1.83,70475.58
2024-06-04 14:07:29,600900,长江电力,27.49,0.22,174074.22
2024-06-04 14:07:29,601985,中国核电,10.12,0.9,113003.32
2024-06-04 14:07:29,600795,国电电力,5.57,2.01,70517.59
2024-06-04 14:07:29,600886,国投电力,17.82,0.11,50409.17
2024-06-04 14:07:29,600025,华能水电,10.39,1.37,38449.90
2024-06-04 14:07:29,600674,川投能源,18.26,1.05,25613.22
2024-06-04 14:07:29,000400,许继电气,32.77,6.09,80045.60
2024-06-04 14:07:29,601126,四方股份,18.53,6.8,41675.73
2024-06-04 14:07:29,000883,湖北能源,6.08,3.58,14630.01
2024-06-04 14:11:40,000400,许继电气,32.89,6.47,82282.39
2024-06-04 14:11:40,601126,四方股份,18.62,7.32,42345.65
2024-06-04 14:11:40,000682,东方电子,12.23,3.73,29075.03
2024-06-04 14:11:40,000883,湖北能源,6.1,3.92,15451.37
2024-06-04 14:11:40,000883,湖北能源,6.09,3.75,15452.83
2024-06-04 14:11:40,600900,长江电力,27.58,0.55,179413.35
2024-06-04 14:11:40,601985,中国核电,10.15,1.2,115120.39
2024-06-04 14:11:40,600795,国电电力,5.57,2.01,73066.85
2024-06-04 14:11:40,600886,国投电力,17.82,0.11,51568.71
2024-06-04 14:11:40,600025,华能水电,10.41,1.56,39356.33
2024-06-04 14:11:40,600674,川投能源,18.3,1.27,26176.74
2024-06-04 14:11:40,001286,陕西能源,11.22,1.17,25738.55
2024-06-04 14:11:40,000537,中绿电,11.03,0.64,25066.53
2024-06-04 14:11:40,000883,湖北能源,6.1,3.92,15474.42
2024-06-04 14:11:40,000400,许继电气,32.89,6.47,82390.26
2024-06-04 14:11:40,601126,四方股份,18.63,7.38,42501.85
2024-06-04 14:11:40,000682,东方电子,12.22,3.65,29398.85
2024-06-04 14:11:40,301179,泽宇智能,19.76,11.64,24803.84
2024-06-04 14:11:40,000883,湖北能源,6.1,3.92,15522.97
2024-06-04 14:11:40,000883,湖北能源,6.09,3.75,15544.61
2024-06-04 14:16:00,000883,湖北能源,6.11,4.09,16284.18
2024-06-04 14:16:00,600900,长江电力,27.57,0.51,181110.32
2024-06-04 14:16:00,601985,中国核电,10.15,1.2,118219.36
2024-06-04 14:16:00,600795,国电电力,5.58,2.2,73722.95
2024-06-04 14:16:00,600886,国投电力,17.82,0.11,52311.15
2024-06-04 14:16:00,600025,华能水电,10.43,1.76,39883.35
2024-06-04 14:16:00,600674,川投能源,18.26,1.05,26761.12
2024-06-04 14:16:00,000537,中绿电,11.04,0.73,26095.44
2024-06-04 14:16:00,000883,湖北能源,6.11,4.09,16332.41
2024-06-04 14:16:00,000883,湖北能源,6.11,4.09,16377.46
2024-06-04 14:16:00,000883,湖北能源,6.1,3.92,16417.83
2024-06-04 14:20:24,600900,长江电力,27.54,0.4,182998.51
2024-06-04 14:20:24,601985,中国核电,10.14,1.1,120371.10
2024-06-04 14:20:24,600795,国电电力,5.57,2.01,75858.13
2024-06-04 14:20:24,600886,国投电力,17.8,0.0,53022.39
2024-06-04 14:20:24,600025,华能水电,10.41,1.56,40352.37
2024-06-04 14:20:24,600674,川投能源,18.27,1.11,27112.45
2024-06-04 14:20:24,000883,湖北能源,6.11,4.09,16769.10
2024-06-04 14:20:24,000883,湖北能源,6.1,3.92,16901.89
2024-06-04 14:20:24,000883,湖北能源,6.1,3.92,16925.37
2024-06-04 14:24:46,000883,湖北能源,6.11,4.09,17288.24
2024-06-04 14:24:46,002028,思源电气,74.13,1.27,47456.52
2024-06-04 14:24:46,300001,特锐德,22.31,3.38,40465.41
2024-06-04 14:24:46,600885,宏发股份,30.21,5.01,31567.77
2024-06-04 14:24:46,002270,华明装备,22.47,1.08,18061.70
2024-06-04 14:24:46,600900,长江电力,27.51,0.29,185568.10
2024-06-04 14:24:46,601985,中国核电,10.14,1.1,122964.52
2024-06-04 14:24:46,600795,国电电力,5.58,2.2,76672.13
2024-06-04 14:24:46,600886,国投电力,17.8,0.0,53977.12
2024-06-04 14:24:46,600025,华能水电,10.41,1.56,40882.40
2024-06-04 14:24:46,600674,川投能源,18.24,0.94,27693.41
2024-06-04 14:24:46,000537,中绿电,10.96,0.0,27313.65
2024-06-04 14:24:46,000883,湖北能源,6.11,4.09,17298.01
2024-06-04 14:24:46,000883,湖北能源,6.11,4.09,17372.97
2024-06-04 14:24:46,300001,特锐德,22.34,3.52,40852.42
2024-06-04 14:24:46,600885,宏发股份,30.21,5.01,31662.31
2024-06-04 14:24:46,300932,三友联众,11.05,16.19,16951.47
2024-06-04 14:24:46,837046,亿能电力,9.56,24.16,11170.55
2024-06-04 14:24:46,000883,湖北能源,6.11,4.09,17408.24
2024-06-04 14:29:19,000883,湖北能源,6.11,4.09,17851.32
2024-06-04 14:29:19,002028,思源电气,73.89,0.94,48553.76
2024-06-04 14:29:19,300001,特锐德,22.38,3.71,44152.08
2024-06-04 14:29:19,002270,华明装备,22.45,0.99,18351.82
2024-06-04 14:29:19,600900,长江电力,27.51,0.29,188044.84
2024-06-04 14:29:19,601985,中国核电,10.13,1.0,124651.46
2024-06-04 14:29:19,600795,国电电力,5.57,2.01,78578.80
2024-06-04 14:29:19,600025,华能水电,10.39,1.37,41369.74
2024-06-04 14:29:19,600674,川投能源,18.23,0.89,28097.94
2024-06-04 14:29:19,000537,中绿电,11.01,0.46,28032.56
2024-06-04 14:29:19,000883,湖北能源,6.11,4.09,17867.44
2024-06-04 14:29:19,000883,湖北能源,6.11,4.09,17887.30
2024-06-04 14:29:19,300001,特锐德,22.48,4.17,44752.95
2024-06-04 14:29:19,300932,三友联众,10.78,13.35,18073.46
2024-06-04 14:29:19,837046,亿能电力,9.6,24.68,11427.04
2024-06-04 14:29:19,000883,湖北能源,6.11,4.09,17915.22
2024-06-04 14:33:37,000883,湖北能源,6.1,3.92,18213.66
2024-06-04 14:33:37,600598,北大荒,13.37,3.32,19155.05
2024-06-04 14:33:37,600900,长江电力,27.53,0.36,190849.71
2024-06-04 14:33:37,601985,中国核电,10.13,1.0,126160.00
2024-06-04 14:33:37,600795,国电电力,5.57,2.01,79065.42
2024-06-04 14:33:37,600886,国投电力,17.81,0.06,55262.01
2024-06-04 14:33:37,600025,华能水电,10.38,1.27,41806.44
2024-06-04 14:33:37,001286,陕西能源,11.21,1.08,29442.33
2024-06-04 14:33:37,600674,川投能源,18.28,1.16,28798.68
2024-06-04 14:33:37,000537,中绿电,11.02,0.55,28500.34
2024-06-04 14:33:37,000883,湖北能源,6.11,4.09,18225.27
2024-06-04 14:33:37,000883,湖北能源,6.11,4.09,18247.21
2024-06-04 14:33:37,600598,北大荒,13.38,3.4,19263.14
2024-06-04 14:33:37,000883,湖北能源,6.11,4.09,18303.01
2024-06-04 14:38:36,300014,亿纬锂能,43.93,7.72,269348.42
2024-06-04 14:38:36,000400,许继电气,33.12,7.22,92266.91
2024-06-04 14:38:36,600875,东方电气,18.99,3.43,55900.03
2024-06-04 14:38:36,002028,思源电气,74.34,1.56,53663.23
2024-06-04 14:38:36,300001,特锐德,22.6,4.73,51186.33
2024-06-04 14:38:36,601126,四方股份,18.69,7.72,50621.66
2024-06-04 14:38:36,300207,欣旺达,15.64,0.13,41414.13
2024-06-04 14:38:36,003021,兆威机电,53.5,1.1,41179.31
2024-06-04 14:38:36,603606,东方电缆,49.65,4.48,36952.17
2024-06-04 14:38:36,000682,东方电子,12.32,4.5,35497.39
2024-06-04 14:38:36,600885,宏发股份,30.2,4.97,33446.88
2024-06-04 14:38:36,002270,华明装备,22.56,1.48,19560.32
2024-06-04 14:38:36,000883,湖北能源,6.11,4.09,18705.73
2024-06-04 14:38:36,002028,思源电气,74.1,1.23,54463.42
2024-06-04 14:38:36,300001,特锐德,22.53,4.4,51301.03
2024-06-04 14:38:36,600885,宏发股份,30.2,4.97,33513.64
2024-06-04 14:38:36,002270,华明装备,22.54,1.39,19606.99
2024-06-04 14:38:36,600900,长江电力,27.55,0.44,194440.34
2024-06-04 14:38:36,601985,中国核电,10.14,1.1,128042.42
2024-06-04 14:38:36,600795,国电电力,5.58,2.2,80369.87
2024-06-04 14:38:36,600886,国投电力,17.8,0.0,56303.42
2024-06-04 14:38:36,600025,华能水电,10.39,1.37,42154.85
2024-06-04 14:38:36,600674,川投能源,18.32,1.38,33216.62
2024-06-04 14:38:36,001286,陕西能源,11.21,1.08,30299.41
2024-06-04 14:38:36,000537,中绿电,11.02,0.55,29101.00
2024-06-04 14:38:36,000883,湖北能源,6.11,4.09,18707.32
2024-06-04 14:38:36,300476,胜宏科技,30.96,5.92,152093.57
2024-06-04 14:38:36,002463,沪电股份,33.64,0.57,113464.44
2024-06-04 14:38:36,300014,亿纬锂能,43.84,7.5,269874.14
2024-06-04 14:38:36,000400,许继电气,33.0,6.83,92380.98
2024-06-04 14:38:36,600875,东方电气,19.0,3.49,56208.58
2024-06-04 14:38:36,300001,特锐德,22.55,4.49,51500.12
2024-06-04 14:38:36,601126,四方股份,18.68,7.67,51005.95
2024-06-04 14:38:36,000682,东方电子,12.3,4.33,35747.06
2024-06-04 14:38:36,600885,宏发股份,30.2,4.97,33550.80
2024-06-04 14:38:36,301179,泽宇智能,19.99,12.94,30979.34
2024-06-04 14:38:36,300932,三友联众,10.83,13.88,19087.89
2024-06-04 14:38:36,300772,运达股份,11.03,4.95,18649.10
2024-06-04 14:38:36,301082,久盛电气,15.93,7.85,18070.99
2024-06-04 14:38:36,837046,亿能电力,9.87,28.18,11792.49
2024-06-04 14:38:36,000883,湖北能源,6.12,4.26,18758.54
2024-06-04 14:38:36,300001,特锐德,22.56,4.54,51530.12
2024-06-04 14:38:36,600885,宏发股份,30.21,5.01,33561.07
2024-06-04 14:38:36,300932,三友联众,10.83,13.88,19093.27
2024-06-04 14:38:36,837046,亿能电力,9.85,27.92,11834.53
2024-06-04 14:38:36,600795,国电电力,5.57,2.01,80758.60
2024-06-04 14:38:36,000883,湖北能源,6.11,4.09,18806.16
2024-06-04 14:38:36,300476,胜宏科技,30.96,5.92,152320.23
2024-06-04 14:38:36,300852,四会富仕,24.86,4.02,14404.57
2024-06-04 14:43:15,300014,亿纬锂能,43.8,7.41,271823.45
2024-06-04 14:43:15,000400,许继电气,32.96,6.7,93298.18
2024-06-04 14:43:15,600875,东方电气,19.04,3.7,57834.84
2024-06-04 14:43:15,002028,思源电气,73.94,1.01,57142.31
2024-06-04 14:43:15,300001,特锐德,22.64,4.91,53453.52
2024-06-04 14:43:15,601126,四方股份,18.65,7.49,52211.50
2024-06-04 14:43:15,003021,兆威机电,53.48,1.06,41677.79
2024-06-04 14:43:15,603606,东方电缆,49.53,4.23,38487.53
2024-06-04 14:43:15,000682,东方电子,12.26,3.99,36339.29
2024-06-04 14:43:15,600885,宏发股份,30.24,5.11,34442.63
2024-06-04 14:43:15,002270,华明装备,22.57,1.53,19820.08
2024-06-04 14:43:15,000883,湖北能源,6.11,4.09,19042.42
2024-06-04 14:43:15,002028,思源电气,73.94,1.01,57214.74
2024-06-04 14:43:15,300001,特锐德,22.63,4.87,53609.86
2024-06-04 14:43:15,600885,宏发股份,30.24,5.11,34456.24
2024-06-04 14:43:15,002270,华明装备,22.57,1.53,19826.63
2024-06-04 14:43:15,600900,长江电力,27.52,0.33,198555.88
2024-06-04 14:43:15,601985,中国核电,10.12,0.9,129744.35
2024-06-04 14:43:15,600795,国电电力,5.56,1.83,81957.97
2024-06-04 14:43:15,600886,国投电力,17.8,0.0,58839.28
2024-06-04 14:43:15,600025,华能水电,10.39,1.37,43352.36
2024-06-04 14:43:15,600674,川投能源,18.3,1.27,34029.02
2024-06-04 14:43:15,001286,陕西能源,11.21,1.08,31195.31
2024-06-04 14:43:15,000537,中绿电,10.99,0.27,29971.00
2024-06-04 14:43:15,000883,湖北能源,6.11,4.09,19049.94
2024-06-04 14:43:15,300476,胜宏科技,30.99,6.02,154728.38
2024-06-04 14:43:15,002463,沪电股份,33.63,0.54,116300.33
2024-06-04 14:43:15,300014,亿纬锂能,43.75,7.28,272096.64
2024-06-04 14:43:15,000400,许继电气,32.99,6.8,93514.31
2024-06-04 14:43:15,600875,东方电气,19.04,3.7,58056.85
2024-06-04 14:43:15,300001,特锐德,22.59,4.68,53923.78
2024-06-04 14:43:15,601126,四方股份,18.65,7.49,52276.94
2024-06-04 14:43:15,603606,东方电缆,49.66,4.5,39147.64
2024-06-04 14:43:15,000682,东方电子,12.32,4.5,36872.27
2024-06-04 14:43:15,600885,宏发股份,30.24,5.11,34499.48
2024-06-04 14:43:15,301179,泽宇智能,19.99,12.94,31573.84
2024-06-04 14:43:15,002270,华明装备,22.57,1.53,19859.36
2024-06-04 14:43:15,300772,运达股份,11.05,5.14,19141.80
2024-06-04 14:43:15,301082,久盛电气,15.8,6.97,18639.67
2024-06-04 14:43:15,837046,亿能电力,9.75,26.62,12155.17
2024-06-04 14:43:15,000883,湖北能源,6.11,4.09,19113.22
2024-06-04 14:43:15,300001,特锐德,22.59,4.68,53985.22
2024-06-04 14:43:15,600885,宏发股份,30.24,5.11,34510.36
2024-06-04 14:43:15,002270,华明装备,22.57,1.53,19863.20
2024-06-04 14:43:15,837046,亿能电力,9.74,26.49,12181.78
2024-06-04 14:43:15,600795,国电电力,5.56,1.83,82092.41
2024-06-04 14:43:15,600886,国投电力,17.8,0.0,58924.73
2024-06-04 14:43:15,000883,湖北能源,6.12,4.26,19120.55
2024-06-04 14:43:15,300476,胜宏科技,30.97,5.95,154970.56
2024-06-04 14:43:15,300852,四会富仕,24.85,3.97,14619.68
2024-06-04 14:48:00,300014,亿纬锂能,43.74,7.26,274204.28
2024-06-04 14:48:00,000400,许继电气,33.0,6.83,94329.41
2024-06-04 14:48:00,600875,东方电气,19.02,3.59,59136.08
2024-06-04 14:48:00,002028,思源电气,73.83,0.86,58522.42
2024-06-04 14:48:00,300001,特锐德,22.74,5.38,57763.98
2024-06-04 14:48:00,601126,四方股份,18.63,7.38,53300.26
2024-06-04 14:48:00,003021,兆威机电,53.52,1.13,42246.15
2024-06-04 14:48:00,603606,东方电缆,49.64,4.46,40193.24
2024-06-04 14:48:00,000682,东方电子,12.29,4.24,37586.46
2024-06-04 14:48:00,600885,宏发股份,30.21,5.01,35149.62
2024-06-04 14:48:00,002270,华明装备,22.63,1.8,20318.90
2024-06-04 14:48:00,000883,湖北能源,6.11,4.09,19391.23
2024-06-04 14:48:00,002028,思源电气,73.87,0.92,58568.21
2024-06-04 14:48:00,300001,特锐德,22.76,5.47,57939.39
2024-06-04 14:48:00,600885,宏发股份,30.2,4.97,35178.32
2024-06-04 14:48:00,002270,华明装备,22.63,1.8,20318.90
2024-06-04 14:48:00,600900,长江电力,27.51,0.29,202369.48
2024-06-04 14:48:00,601985,中国核电,10.12,0.9,133366.28
2024-06-04 14:48:00,600795,国电电力,5.57,2.01,83299.53
2024-06-04 14:48:00,600886,国投电力,17.8,0.0,59532.41
2024-06-04 14:48:00,600025,华能水电,10.4,1.46,43851.50
2024-06-04 14:48:00,600674,川投能源,18.3,1.27,34629.23
2024-06-04 14:48:00,001286,陕西能源,11.21,1.08,31868.23
2024-06-04 14:48:00,000537,中绿电,10.98,0.18,30583.79
2024-06-04 14:48:00,000883,湖北能源,6.11,4.09,19519.54
2024-06-04 14:48:00,300476,胜宏科技,30.97,5.95,156451.29
2024-06-04 14:48:00,002463,沪电股份,33.62,0.51,118416.77
2024-06-04 14:48:00,300014,亿纬锂能,43.74,7.26,274683.14
2024-06-04 14:48:00,000400,许继电气,33.01,6.86,94525.46
2024-06-04 14:48:00,600875,东方电气,19.04,3.7,59338.74
2024-06-04 14:48:00,300001,特锐德,22.76,5.47,59026.86
2024-06-04 14:48:00,002028,思源电气,73.87,0.92,58880.06
2024-06-04 14:48:00,601126,四方股份,18.61,7.26,53435.34
2024-06-04 14:48:00,603606,东方电缆,49.65,4.48,40371.03
2024-06-04 14:48:00,000682,东方电子,12.29,4.24,37750.20
2024-06-04 14:48:00,600885,宏发股份,30.2,4.97,35241.13
2024-06-04 14:48:00,301179,泽宇智能,19.97,12.82,32154.20
2024-06-04 14:48:00,002270,华明装备,22.65,1.89,20342.66
2024-06-04 14:48:00,300772,运达股份,11.05,5.14,19759.56
2024-06-04 14:48:00,301082,久盛电气,15.91,7.72,19010.09
2024-06-04 14:48:00,837046,亿能电力,9.67,25.58,12337.33
2024-06-04 14:48:00,000883,湖北能源,6.11,4.09,19578.93
2024-06-04 14:48:00,300001,特锐德,22.78,5.56,59183.09
2024-06-04 14:48:00,002028,思源电气,73.88,0.93,58922.17
2024-06-04 14:48:00,600885,宏发股份,30.21,5.01,35248.08
2024-06-04 14:48:00,002270,华明装备,22.65,1.89,20352.18
2024-06-04 14:48:00,837046,亿能电力,9.68,25.71,12344.40
2024-06-04 14:48:00,600795,国电电力,5.56,1.83,83496.07
2024-06-04 14:48:00,600886,国投电力,17.8,0.0,59769.61
2024-06-04 14:48:00,000883,湖北能源,6.11,4.09,19597.80
2024-06-04 14:48:00,300476,胜宏科技,31.01,6.09,157010.76
2024-06-04 14:48:00,300852,四会富仕,24.88,4.1,14996.84
2024-06-04 14:52:45,300014,亿纬锂能,43.71,7.18,278101.70
2024-06-04 14:52:45,000400,许继电气,32.91,6.54,95950.94
2024-06-04 14:52:45,600875,东方电气,19.06,3.81,61573.12
2024-06-04 14:52:45,300001,特锐德,22.68,5.1,60723.37
2024-06-04 14:52:45,002028,思源电气,73.81,0.83,60172.62
2024-06-04 14:52:45,601126,四方股份,18.55,6.92,55826.66
2024-06-04 14:52:45,300207,欣旺达,15.62,0.0,45100.01
2024-06-04 14:52:45,003021,兆威机电,53.46,1.02,42901.46
2024-06-04 14:52:45,603606,东方电缆,49.48,4.12,41457.12
2024-06-04 14:52:45,000682,东方电子,12.28,4.16,38585.37
2024-06-04 14:52:45,002270,华明装备,22.63,1.8,20849.48
2024-06-04 14:52:45,000883,湖北能源,6.11,4.09,19791.04
2024-06-04 14:52:45,300001,特锐德,22.69,5.14,60805.48
2024-06-04 14:52:45,002028,思源电气,73.78,0.79,60353.82
2024-06-04 14:52:45,002270,华明装备,22.61,1.71,20908.54
2024-06-04 14:52:45,600900,长江电力,27.47,0.15,206871.88
2024-06-04 14:52:45,601985,中国核电,10.13,1.0,137554.97
2024-06-04 14:52:45,600795,国电电力,5.56,1.83,85652.96
2024-06-04 14:52:45,600886,国投电力,17.81,0.06,60253.53
2024-06-04 14:52:45,600025,华能水电,10.4,1.46,44572.71
2024-06-04 14:52:45,600674,川投能源,18.3,1.27,35377.26
2024-06-04 14:52:45,001286,陕西能源,11.2,0.99,32333.58
2024-06-04 14:52:45,000537,中绿电,11.0,0.36,31098.13
2024-06-04 14:52:45,000883,湖北能源,6.11,4.09,19823.73
2024-06-04 14:52:45,300476,胜宏科技,30.99,6.02,159415.67
2024-06-04 14:52:45,002463,沪电股份,33.62,0.51,120747.77
2024-06-04 14:52:45,300014,亿纬锂能,43.69,7.14,278864.56
2024-06-04 14:52:45,000400,许继电气,32.9,6.51,96110.18
2024-06-04 14:52:45,600875,东方电气,19.04,3.7,62226.51
2024-06-04 14:52:45,300001,特锐德,22.66,5.0,61130.06
2024-06-04 14:52:45,002028,思源电气,73.77,0.78,60541.17
2024-06-04 14:52:45,601126,四方股份,18.58,7.09,56334.27
2024-06-04 14:52:45,603606,东方电缆,49.49,4.15,41673.39
2024-06-04 14:52:45,000682,东方电子,12.28,4.16,38763.83
2024-06-04 14:52:45,301179,泽宇智能,20.03,13.16,33443.26
2024-06-04 14:52:45,603097,江苏华辰,33.01,3.54,30331.30
2024-06-04 14:52:45,002270,华明装备,22.61,1.71,21013.33
2024-06-04 14:52:45,300772,运达股份,11.05,5.14,20640.73
2024-06-04 14:52:45,301082,久盛电气,16.16,9.41,20148.85
2024-06-04 14:52:45,837046,亿能电力,9.4,22.08,12514.31
2024-06-04 14:52:45,000883,湖北能源,6.11,4.09,19829.85
2024-06-04 14:52:45,300001,特锐德,22.66,5.0,61203.47
2024-06-04 14:52:45,002028,思源电气,73.8,0.82,60582.81
2024-06-04 14:52:45,603097,江苏华辰,33.02,3.58,30411.19
2024-06-04 14:52:45,002270,华明装备,22.65,1.89,21038.01
2024-06-04 14:52:45,837046,亿能电力,9.36,21.56,12528.20
2024-06-04 14:52:45,600795,国电电力,5.57,2.01,85848.19
2024-06-04 14:52:45,600886,国投电力,17.8,0.0,60375.85
2024-06-04 14:52:45,000883,湖北能源,6.12,4.26,19836.33
2024-06-04 14:52:45,300476,胜宏科技,30.97,5.95,159753.39
2024-06-04 14:52:45,300852,四会富仕,24.96,4.44,15823.36
2024-06-04 14:57:05,000883,湖北能源,6.11,4.09,20325.22
2024-06-04 14:57:05,600900,长江电力,27.48,0.18,214084.24
2024-06-04 14:57:05,601985,中国核电,10.13,1.0,140457.70
2024-06-04 14:57:05,600795,国电电力,5.57,2.01,87626.64
2024-06-04 14:57:05,600886,国投电力,17.8,0.0,61620.22
2024-06-04 14:57:05,600025,华能水电,10.4,1.46,45229.83
2024-06-04 14:57:05,600674,川投能源,18.28,1.16,36192.21
2024-06-04 14:57:05,001286,陕西能源,11.2,0.99,33071.91
2024-06-04 14:57:05,000537,中绿电,10.99,0.27,31968.47
2024-06-04 14:57:05,000883,湖北能源,6.11,4.09,20348.04
2024-06-04 14:57:05,300476,胜宏科技,30.96,5.92,161410.56
2024-06-04 14:57:05,002463,沪电股份,33.62,0.51,122771.09
2024-06-04 14:57:05,300014,亿纬锂能,43.71,7.18,283484.25
2024-06-04 14:57:05,000400,许继电气,32.91,6.54,97791.99
2024-06-04 14:57:05,300001,特锐德,22.72,5.28,64227.05
2024-06-04 14:57:05,600875,东方电气,19.06,3.81,63865.51
2024-06-04 14:57:05,002028,思源电气,73.68,0.66,62204.52
2024-06-04 14:57:05,601126,四方股份,18.51,6.69,58971.93
2024-06-04 14:57:05,603530,神马电力,28.42,8.06,46691.67
2024-06-04 14:57:05,603606,东方电缆,49.6,4.38,42523.18
2024-06-04 14:57:05,000682,东方电子,12.29,4.24,39932.39
2024-06-04 14:57:05,301179,泽宇智能,20.18,14.01,35118.64
2024-06-04 14:57:05,603097,江苏华辰,33.24,4.27,31784.55
2024-06-04 14:57:05,002270,华明装备,22.64,1.84,21753.63
2024-06-04 14:57:05,300772,运达股份,11.05,5.14,21636.63
2024-06-04 14:57:05,301082,久盛电气,16.19,9.61,21329.61
2024-06-04 14:57:05,837046,亿能电力,9.75,26.62,13024.49
2024-06-04 14:57:05,000883,湖北能源,6.1,3.92,20377.54
2024-06-04 14:57:05,600795,国电电力,5.57,2.01,87968.34
2024-06-04 14:57:05,000883,湖北能源,6.11,4.09,20387.92
2024-06-04 14:57:05,300476,胜宏科技,30.92,5.78,161738.11
2024-06-04 14:57:05,300852,四会富仕,25.08,4.94,17061.25
