,date,open,high,low,close,volume
0,2005-01-09,836.99,836.99,819.44,823.62,1287222000.0
1,2005-01-16,823.77,845.55,821.0,829.04,1228604100.0
2,2005-01-23,821.19,835.24,798.35,831.85,2132623000.0
3,2005-01-30,847.07,851.24,816.54,820.69,1899294000.0
4,2005-02-06,817.93,877.39,810.72,872.88,2754658900.0
5,2005-02-13,,,,,0.0
6,2005-02-20,877.97,884.99,855.42,856.21,1221301500.0
7,2005-02-27,856.95,889.98,856.95,878.5,3048243000.0
8,2005-03-06,878.55,878.66,851.43,859.49,2030159400.0
9,2005-03-13,859.66,880.49,847.81,853.9,2528180800.0
10,2005-03-20,853.36,865.82,818.8,821.03,2099561700.0
11,2005-03-27,820.42,825.86,795.84,806.42,1737889900.0
12,2005-04-03,805.41,834.56,783.98,822.91,1888192900.0
13,2005-04-10,814.58,840.37,796.36,838.06,2707069200.0
14,2005-04-17,838.29,842.48,814.98,817.09,2273186000.0
15,2005-04-24,814.55,815.47,790.1,794.82,1758130800.0
16,2005-05-01,792.94,798.21,773.38,789.73,2142335600.0
17,2005-05-08,,,,,0.0
18,2005-05-15,790.82,795.09,749.84,757.3,1946539100.0
19,2005-05-22,754.78,760.54,741.83,753.07,1579407100.0
20,2005-05-29,749.83,749.83,723.32,724.52,1467158500.0
21,2005-06-05,723.1,737.94,693.55,700.43,1602642700.0
22,2005-06-12,699.27,790.39,693.53,766.66,4705275000.0
23,2005-06-19,762.0,772.86,742.96,762.18,2921885200.0
24,2005-06-26,764.1,781.81,759.34,772.32,2367486600.0
25,2005-07-03,776.6,786.48,746.74,748.05,2251008500.0
26,2005-07-10,744.29,747.67,725.37,727.56,1468915000.0
27,2005-07-17,734.72,759.27,721.85,748.52,2206168400.0
28,2005-07-24,746.77,774.8,743.13,768.72,2359569700.0
29,2005-07-31,767.3,797.4,764.16,788.63,3464087300.0
30,2005-08-07,788.22,812.66,786.88,812.33,2805464300.0
31,2005-08-14,814.12,834.98,806.51,822.33,3865541200.0
32,2005-08-21,832.15,843.32,809.22,817.68,4914321300.0
33,2005-08-28,819.36,830.54,811.14,822.2,3501192100.0
34,2005-09-04,821.79,831.66,806.58,829.46,2601128900.0
35,2005-09-11,829.77,832.45,812.99,823.64,3044565100.0
36,2005-09-18,824.44,835.0,818.96,830.62,2510213000.0
37,2005-09-25,831.04,833.1,789.94,793.16,2711620000.0
38,2005-10-02,793.31,796.48,780.76,793.65,1775292500.0
39,2005-10-09,,,,,0.0
40,2005-10-16,792.76,797.97,775.31,777.49,1522668300.0
41,2005-10-23,776.26,777.86,764.43,774.06,1990139400.0
42,2005-10-30,774.58,774.58,742.23,749.96,2514125000.0
43,2005-11-06,749.19,768.1,747.73,758.92,2119394600.0
44,2005-11-13,758.45,763.74,740.09,746.45,1799475600.0
45,2005-11-20,746.06,765.04,733.03,760.57,1748774800.0
46,2005-11-27,758.23,766.79,744.4,766.68,3040533400.0
47,2005-12-04,765.27,770.84,751.9,757.02,2099957400.0
48,2005-12-11,756.04,777.65,748.01,777.03,2255614800.0
49,2005-12-18,776.19,784.18,767.61,782.04,2263341200.0
50,2005-12-25,781.93,791.65,777.86,791.44,1876849100.0
51,2006-01-01,791.39,804.61,787.87,796.4,3011252000.0
52,2006-01-08,801.41,842.69,800.21,836.9,3362189900.0
53,2006-01-15,837.76,842.06,826.96,831.14,4010884500.0
54,2006-01-22,830.48,844.43,813.12,840.38,3739616200.0
55,2006-01-29,840.96,847.16,834.75,846.99,2144284300.0
56,2006-02-05,,,,,0.0
57,2006-02-12,849.51,863.96,848.43,859.97,4766554700.0
58,2006-02-19,862.49,872.41,852.59,857.99,3651635800.0
59,2006-02-26,858.65,883.02,854.36,882.78,3803698700.0
60,2006-03-05,893.21,897.1,869.84,880.37,4331805500.0
61,2006-03-12,880.11,884.21,852.09,857.14,3053941200.0
62,2006-03-19,857.21,869.1,855.82,863.27,2370549200.0
63,2006-03-26,863.56,881.28,858.96,869.44,3003484100.0
64,2006-04-02,869.54,891.02,864.39,878.37,3731900700.0
65,2006-04-09,879.54,910.54,879.54,897.31,4575650300.0
66,2006-04-16,898.0,916.27,889.76,910.63,4618785500.0
67,2006-04-23,915.54,942.23,908.7,939.87,6384066600.0
68,2006-04-30,949.68,966.32,924.45,964.45,6458551600.0
69,2006-05-07,,,,,0.0
70,2006-05-14,968.92,1051.12,968.92,1050.96,8596959000.0
71,2006-05-21,1059.77,1117.43,1046.89,1096.21,11021284200.0
72,2006-05-28,1096.45,1107.66,1034.22,1064.13,8584120700.0
73,2006-06-04,1069.88,1113.95,1063.23,1097.51,7553503900.0
74,2006-06-11,1097.53,1114.25,1026.32,1031.46,8028516800.0
75,2006-06-18,1024.27,1047.46,1011.9,1047.33,3845209600.0
76,2006-06-25,1036.97,1067.86,1027.56,1061.41,4308533000.0
77,2006-07-02,1063.09,1117.05,1063.09,1102.7,4884114800.0
78,2006-07-09,1108.03,1129.54,1082.71,1099.06,5769685700.0
79,2006-07-16,1098.77,1106.66,1038.47,1059.26,4805691100.0
80,2006-07-23,1057.24,1068.57,1034.74,1056.63,3252728200.0
81,2006-07-30,1044.86,1077.08,1037.34,1050.64,3362651700.0
82,2006-08-06,1049.7,1049.7,988.86,990.83,3019558900.0
83,2006-08-13,984.26,1015.4,974.84,1011.64,2802393500.0
84,2006-08-20,1011.97,1018.91,988.99,1008.05,2908600000.0
85,2006-08-27,986.45,1033.82,982.9,1028.29,2899047200.0
86,2006-09-03,1030.98,1060.61,1030.82,1033.74,3913208500.0
87,2006-09-10,1032.64,1059.15,1032.53,1050.8,3615548700.0
88,2006-09-17,1051.75,1094.82,1045.18,1094.15,6647898200.0
89,2006-09-24,1098.61,1116.26,1090.45,1094.18,5363944900.0
90,2006-10-01,1092.41,1117.57,1072.32,1115.72,4060405600.0
91,2006-10-08,,,,,0.0
92,2006-10-15,1134.4,1160.62,1131.35,1149.58,7295949200.0
93,2006-10-22,1150.83,1161.3,1122.22,1152.31,4408775600.0
94,2006-10-29,1151.39,1181.06,1130.21,1164.57,7547684300.0
95,2006-11-05,1163.18,1227.78,1160.24,1219.0,8675345400.0
96,2006-11-12,1210.06,1293.35,1205.58,1262.53,9691203000.0
97,2006-11-19,1259.1,1322.1,1227.62,1321.01,11900697600.0
98,2006-11-26,1327.12,1403.87,1327.12,1385.94,13123233700.0
99,2006-12-03,1378.48,1440.3,1333.14,1430.36,10517215600.0
100,2006-12-10,1431.04,1552.44,1431.04,1453.92,16697222800.0
101,2006-12-17,1447.26,1599.08,1447.26,1597.12,12052343600.0
102,2006-12-24,1602.59,1666.21,1602.4,1614.24,12388184800.0
103,2006-12-31,1619.57,1819.04,1619.57,1805.31,16206158700.0
104,2007-01-07,1842.63,1924.92,1791.64,1815.12,10062420700.0
105,2007-01-14,1813.62,1977.88,1804.41,1876.14,16784763900.0
106,2007-01-21,1872.08,2033.92,1872.08,1995.53,15034026700.0
107,2007-01-28,2020.0,2176.35,2020.0,2164.51,18001273400.0
108,2007-02-04,2181.87,2251.57,1945.1,1954.97,16107815400.0
109,2007-02-11,1943.06,2031.54,1824.6,2003.32,12922086200.0
110,2007-02-18,2004.22,2266.43,2001.34,2232.98,12210219400.0
111,2007-02-25,,,,,0.0
112,2007-03-04,2225.87,2253.47,1996.56,2069.07,15289587700.0
113,2007-03-11,2062.03,2171.84,1978.57,2144.22,11739407000.0
114,2007-03-18,2146.98,2154.73,2074.5,2107.63,11706480900.0
115,2007-03-25,2060.76,2228.32,2054.93,2200.04,13770130200.0
116,2007-04-01,2204.77,2351.35,2184.4,2288.26,19712048200.0
117,2007-04-08,2299.49,2399.83,2299.49,2390.64,14917269500.0
118,2007-04-15,2398.86,2551.06,2398.86,2517.79,19038069000.0
119,2007-04-22,2519.66,2603.7,2380.32,2547.5,18690486600.0
120,2007-04-29,2574.0,2717.97,2570.48,2681.3,19539070400.0
121,2007-05-06,2715.89,2768.94,2694.24,2757.83,3490677800.0
122,2007-05-13,2827.12,2903.71,2760.22,2867.97,19508413400.0
123,2007-05-20,2823.46,2919.44,2731.82,2854.32,16983225600.0
124,2007-05-27,2763.77,2958.74,2757.57,2942.51,18926573000.0
125,2007-06-03,2976.76,3055.87,2748.06,2906.59,25308383000.0
126,2007-06-10,2923.41,2935.88,2493.31,2856.02,17950970400.0
127,2007-06-17,2875.11,3058.49,2856.99,3035.78,16479508600.0
128,2007-06-24,3090.17,3155.97,2982.23,3037.51,14883053300.0
129,2007-07-01,3054.28,3099.16,2860.72,2915.88,12252218400.0
130,2007-07-08,2906.14,2965.61,2700.76,2860.74,9384644500.0
131,2007-07-15,2883.54,2997.78,2858.92,2970.34,8237824900.0
132,2007-07-22,2974.92,3104.77,2847.4,3102.79,8796145100.0
133,2007-07-29,3133.28,3336.94,3133.28,3293.38,15325302900.0
134,2007-08-05,3294.68,3521.97,3267.68,3520.14,15353624400.0
135,2007-08-12,3552.0,3739.02,3533.77,3707.92,18798098800.0
136,2007-08-19,3717.53,3823.94,3597.59,3606.53,16741207100.0
137,2007-08-26,3718.2,4120.75,3709.52,4104.66,14436843900.0
138,2007-09-02,4128.74,4188.18,4058.0,4150.17,14219047900.0
139,2007-09-09,4176.86,4252.75,4074.29,4111.93,15778109200.0
140,2007-09-16,4052.55,4199.27,3939.35,4165.57,12877011300.0
141,2007-09-23,4170.95,4269.59,4118.33,4197.04,13100244400.0
142,2007-09-30,4201.42,4315.35,4128.26,4307.42,8856832800.0
143,2007-10-07,,,,,0.0
144,2007-10-14,4407.5,4633.81,4347.76,4578.69,16563709200.0
145,2007-10-21,4606.48,4772.93,4454.15,4494.56,13893438500.0
146,2007-10-28,4441.53,4598.89,4313.8,4429.98,9887916300.0
147,2007-11-04,4453.33,4668.73,4451.91,4543.16,11118456400.0
148,2007-11-11,4517.23,4547.89,4058.88,4139.57,8144924800.0
149,2007-11-18,4025.83,4269.76,3951.33,4133.35,7789474600.0
150,2007-11-25,4141.2,4186.29,3844.18,3961.37,5890495300.0
151,2007-12-02,4020.64,4038.48,3757.96,3880.34,6383038900.0
152,2007-12-09,3859.85,4128.78,3838.49,4122.06,5482916700.0
153,2007-12-16,4052.38,4216.53,3881.5,4008.88,7360774300.0
154,2007-12-23,4002.99,4096.24,3826.92,4081.0,6298126400.0
155,2007-12-30,4112.52,4280.73,4096.67,4226.76,9768264000.0
156,2008-01-06,4230.81,4296.02,4123.12,4282.69,7276602500.0
157,2008-01-13,4279.92,4482.57,4255.5,4481.49,13496468900.0
158,2008-01-20,4503.68,4524.29,4072.68,4195.95,11431675000.0
159,2008-01-27,4203.5,4212.01,3636.47,3875.58,12141505800.0
160,2008-02-03,3830.97,3830.97,3376.61,3500.05,8160880900.0
161,2008-02-10,3598.5,3817.61,3598.5,3766.16,3946767900.0
162,2008-02-17,3697.53,3737.76,3593.17,3646.18,3298084500.0
163,2008-02-24,3694.67,3805.39,3434.76,3466.2,8453998800.0
164,2008-03-02,3460.86,3490.93,3275.84,3470.6,6689549100.0
165,2008-03-09,3449.75,3566.16,3317.34,3395.61,7353636000.0
166,2008-03-16,3366.96,3366.96,3028.33,3084.45,6446754900.0
167,2008-03-23,3065.42,3075.74,2765.25,3021.58,8004944800.0
168,2008-03-30,3056.43,3063.89,2714.38,2910.51,7817002800.0
169,2008-04-06,2815.31,2891.17,2679.29,2828.63,7002319400.0
170,2008-04-13,2803.88,3011.42,2751.58,2865.45,7642909900.0
171,2008-04-20,2805.21,2815.33,2482.92,2511.36,6211634000.0
172,2008-04-27,2707.6,3075.82,2451.6,2984.96,14714856900.0
173,2008-05-04,2936.43,3135.72,2894.65,3125.53,7812596500.0
174,2008-05-11,3169.0,3184.11,2929.24,2978.19,11381309200.0
175,2008-05-18,2915.26,3075.22,2884.58,3009.21,8380914400.0
176,2008-05-25,2999.41,3008.03,2752.15,2838.06,6904447700.0
177,2008-06-01,2812.51,2855.68,2726.86,2800.79,5207798900.0
178,2008-06-08,2792.24,2834.5,2687.22,2701.79,5965252300.0
179,2008-06-15,2586.72,2597.48,2319.91,2322.79,5160477800.0
180,2008-06-22,2329.58,2383.27,2152.31,2273.71,7722845500.0
181,2008-06-29,2227.16,2357.45,2188.2,2206.32,6874281600.0
182,2008-07-06,2176.9,2212.97,1992.35,2077.23,6129084500.0
183,2008-07-13,2082.75,2319.02,2081.84,2245.46,10602265000.0
184,2008-07-20,2223.89,2280.95,2056.19,2158.7,7171664200.0
185,2008-07-27,2132.44,2300.51,2127.07,2265.68,7865282500.0
186,2008-08-03,2282.06,2318.08,2127.36,2205.68,5997350600.0
187,2008-08-10,2185.16,2201.28,2044.81,2056.92,4946409600.0
188,2008-08-17,2049.46,2069.79,1900.56,1957.47,4650529300.0
189,2008-08-24,1959.1,2045.26,1832.25,1948.06,5657897300.0
190,2008-08-31,1953.28,1997.2,1898.22,1975.45,4566691900.0
191,2008-09-07,1958.27,1959.84,1781.7,1796.96,4039941000.0
192,2008-09-14,1805.41,1815.8,1699.46,1711.96,3988710300.0
193,2008-09-21,1673.79,1673.79,1433.44,1650.54,7002270700.0
194,2008-09-28,1785.32,1844.57,1660.46,1811.34,17263092200.0
195,2008-10-05,,,,,0.0
196,2008-10-12,1788.97,1788.97,1497.34,1528.14,8786236900.0
197,2008-10-19,1519.66,1679.92,1462.93,1480.16,8742452100.0
198,2008-10-26,1474.97,1553.86,1401.68,1408.13,7304944800.0
199,2008-11-02,1379.53,1380.46,1269.29,1327.7,8482807800.0
200,2008-11-09,1312.79,1394.49,1290.81,1363.46,6946914000.0
201,2008-11-16,1398.22,1553.43,1398.22,1550.46,13748145500.0
202,2008-11-23,1541.34,1583.8,1432.75,1501.09,15948900200.0
203,2008-11-30,1493.43,1536.61,1399.36,1411.16,9731473200.0
204,2008-12-07,1407.44,1569.22,1383.78,1538.47,13381187000.0
205,2008-12-14,1561.28,1612.33,1483.77,1499.29,16334968800.0
206,2008-12-21,1524.14,1577.88,1462.7,1554.11,10472469200.0
207,2008-12-28,1552.71,1554.18,1401.28,1416.83,8083870000.0
208,2009-01-04,1409.73,1419.89,1382.07,1384.91,3999228700.0
209,2009-01-11,1411.08,1495.65,1402.05,1447.14,11573493600.0
210,2009-01-18,1441.63,1533.96,1412.93,1502.0,13571344400.0
211,2009-01-25,1522.14,1568.64,1508.67,1538.27,13363445800.0
212,2009-02-01,,,,,0.0
213,2009-02-08,1553.34,1691.49,1529.17,1689.0,17425248700.0
214,2009-02-15,1715.15,1764.02,1661.95,1755.57,25303275600.0
215,2009-02-22,1771.62,1829.48,1651.4,1695.26,23611719200.0
216,2009-03-01,1680.82,1740.78,1580.4,1592.01,21464913200.0
217,2009-03-08,1586.56,1718.57,1544.62,1676.79,20046094800.0
218,2009-03-15,1689.12,1716.36,1590.24,1626.02,13606145000.0
219,2009-03-22,1619.76,1744.62,1604.09,1726.21,17929160800.0
220,2009-03-29,1728.66,1840.14,1723.28,1825.63,24017642800.0
221,2009-04-05,1829.11,1920.77,1772.27,1892.73,24575844400.0
222,2009-04-12,1892.67,1915.6,1803.06,1895.16,15965818000.0
223,2009-04-19,1915.43,1958.75,1905.1,1920.31,22950655600.0
224,2009-04-26,1916.0,1967.27,1850.25,1860.75,19026849800.0
225,2009-05-03,1858.86,1910.45,1805.78,1895.7,13169932600.0
226,2009-05-10,1903.08,2027.92,1900.04,2022.95,23258662800.0
227,2009-05-17,2040.18,2086.54,1980.09,2022.3,20564592800.0
228,2009-05-24,2011.23,2059.15,1951.74,1967.66,17136163000.0
229,2009-05-31,1930.84,2000.38,1927.03,1991.28,8393807200.0
230,2009-06-07,2021.73,2191.19,2021.73,2160.42,26884415600.0
231,2009-06-14,2161.1,2227.66,2138.64,2156.53,21032211200.0
232,2009-06-21,2164.45,2316.37,2150.55,2309.22,19296235800.0
233,2009-06-28,2334.95,2374.62,2279.12,2344.4,21621581600.0
234,2009-07-05,2347.89,2509.22,2341.78,2508.28,21109776800.0
235,2009-07-12,2511.17,2562.2,2432.42,2519.07,25168475200.0
236,2009-07-19,2500.64,2630.96,2466.4,2604.35,23457561200.0
237,2009-07-26,2615.3,2752.57,2597.24,2743.02,26759869600.0
238,2009-08-02,2753.68,2829.8,2583.07,2816.89,31085104300.0
239,2009-08-09,2832.82,2849.41,2621.11,2634.49,24611853200.0
240,2009-08-16,2658.58,2673.02,2445.31,2463.52,17189997200.0
241,2009-08-23,2418.32,2453.71,2206.6,2367.57,17659504600.0
242,2009-08-30,2384.34,2388.07,2177.92,2193.52,17052207400.0
243,2009-09-06,2163.01,2262.54,2033.44,2237.49,16717672200.0
244,2009-09-13,2254.75,2364.75,2211.44,2356.98,15445226800.0
245,2009-09-20,2361.99,2405.6,2279.08,2296.32,16476686400.0
246,2009-09-27,2271.08,2307.73,2166.24,2226.0,12603430600.0
247,2009-10-04,2230.92,2242.33,2144.6,2198.41,5601176000.0
248,2009-10-11,2251.82,2309.72,2246.28,2308.68,2430082200.0
249,2009-10-18,2322.77,2402.35,2285.9,2358.97,11958971200.0
250,2009-10-25,2354.3,2498.61,2344.4,2481.54,15087877600.0
251,2009-11-01,2488.6,2499.16,2341.92,2376.03,11992323200.0
252,2009-11-08,2319.7,2536.55,2313.79,2512.42,14900293400.0
253,2009-11-15,2515.84,2549.64,2471.88,2523.99,15011995800.0
254,2009-11-22,2540.49,2627.92,2540.49,2583.01,18764433400.0
255,2009-11-29,2586.83,2615.25,2379.95,2388.94,21552635600.0
256,2009-12-06,2411.91,2589.0,2405.6,2587.15,21365034400.0
257,2009-12-13,2587.07,2606.71,2486.69,2507.2,14691725200.0
258,2009-12-20,2502.42,2569.06,2414.17,2424.68,15297639000.0
259,2009-12-27,2417.99,2435.18,2342.75,2406.6,11735335600.0
260,2010-01-03,2412.67,2563.97,2412.67,2553.8,12887009800.0
261,2010-01-10,2565.11,2570.15,2432.01,2466.16,14707762900.0
262,2010-01-17,2584.53,2584.53,2384.16,2427.81,18500533600.0
263,2010-01-24,2414.89,2450.28,2317.48,2380.05,16334932400.0
264,2010-01-31,2355.36,2389.63,2231.65,2243.99,10537996800.0
265,2010-02-07,2238.62,2278.48,2182.95,2219.6,10219785200.0
266,2010-02-14,2220.84,2286.68,2201.8,2284.39,6019506600.0
267,2010-02-21,,,,,0.0
268,2010-02-28,2282.09,2291.78,2202.21,2274.32,8524094500.0
269,2010-03-07,2282.34,2320.31,2258.96,2267.94,8333911300.0
270,2010-03-14,2272.61,2318.31,2265.2,2274.53,7995924900.0
271,2010-03-21,2274.71,2318.05,2232.95,2310.55,7388861700.0
272,2010-03-28,2314.44,2330.67,2253.61,2292.67,8780389400.0
273,2010-04-04,2309.92,2386.14,2306.28,2379.19,12402787800.0
274,2010-04-11,2391.25,2403.82,2316.71,2345.75,7606950200.0
275,2010-04-18,2350.12,2374.56,2301.65,2329.12,11352019900.0
276,2010-04-25,2296.88,2296.88,2169.47,2185.16,13412026400.0
277,2010-05-02,2190.09,2197.59,2103.42,2149.45,9849740100.0
278,2010-05-09,2103.67,2130.76,1956.83,1980.17,8860574300.0
279,2010-05-16,1987.1,2051.27,1943.52,2019.73,10741859100.0
280,2010-05-23,1994.47,1994.47,1874.32,1943.43,9856089700.0
281,2010-05-30,1955.07,2017.32,1927.67,1973.62,10179132100.0
282,2010-06-06,1961.7,1975.59,1876.2,1894.45,8016967500.0
283,2010-06-13,1863.67,1914.08,1829.44,1883.2,8141327300.0
284,2010-06-20,1897.62,1901.57,1865.33,1870.87,2479644100.0
285,2010-06-27,1880.13,1938.74,1873.69,1915.91,7294348800.0
286,2010-07-04,1915.3,1931.51,1771.49,1812.58,7618043900.0
287,2010-07-11,1795.48,1883.43,1776.38,1870.3,7246077900.0
288,2010-07-18,1868.42,1897.63,1818.18,1839.22,8002411700.0
289,2010-07-25,1822.44,1956.42,1818.52,1945.45,11014997000.0
290,2010-08-01,1948.63,2002.11,1929.8,1986.76,12394745700.0
291,2010-08-08,1984.12,2022.54,1934.57,1979.23,12775733800.0
292,2010-08-15,1974.97,1992.43,1902.62,1930.67,11897327800.0
293,2010-08-22,1926.39,2005.3,1920.46,1967.06,13285895000.0
294,2010-08-29,1963.31,1982.47,1903.91,1917.58,8385058300.0
295,2010-09-05,1926.12,1949.93,1905.73,1929.19,11239741000.0
296,2010-09-12,1938.54,1983.51,1897.95,1915.64,12687027800.0
297,2010-09-19,1914.38,1939.82,1845.07,1857.31,11050180000.0
298,2010-09-26,1859.42,1873.71,1844.16,1864.41,2659227700.0
299,2010-10-03,1869.98,1914.24,1856.82,1913.11,9065769400.0
300,2010-10-10,1933.42,1997.49,1932.6,1990.01,4058764800.0
301,2010-10-17,2005.7,2255.57,2005.7,2254.39,35631943600.0
302,2010-10-24,2270.41,2321.69,2212.61,2231.06,30538922000.0
303,2010-10-31,2232.02,2310.01,2180.86,2189.48,21960926400.0
304,2010-11-07,2198.46,2308.04,2198.46,2279.0,24348030000.0
305,2010-11-14,2287.5,2294.69,2126.78,2130.58,24424138000.0
306,2010-11-21,2135.51,2144.08,1978.69,2039.44,17252811000.0
307,2010-11-28,2015.83,2042.02,1957.08,2018.4,13207995000.0
308,2010-12-05,2008.98,2023.86,1943.39,2008.12,9952049100.0
309,2010-12-12,2016.11,2056.06,1985.18,2021.65,11481952400.0
310,2010-12-19,2027.45,2084.19,2021.81,2032.14,13170246300.0
311,2010-12-26,2039.29,2057.98,1969.98,2013.25,11966225800.0
312,2011-01-02,2028.55,2045.24,1925.23,1977.37,11639217600.0
313,2011-01-09,1994.36,2035.88,1969.32,2006.37,12227772600.0
314,2011-01-16,2001.4,2026.15,1968.22,1982.62,12182102000.0
315,2011-01-23,1968.95,1978.14,1890.76,1925.84,11529138000.0
316,2011-01-30,1926.39,1954.92,1899.06,1945.14,11437242200.0
317,2011-02-06,1944.74,1972.99,1941.08,1968.69,4005475800.0
318,2011-02-13,1958.25,1982.39,1932.13,1976.47,6512322400.0
319,2011-02-20,1976.28,2070.94,1976.28,2030.32,17585696200.0
320,2011-02-27,2019.56,2053.33,1981.19,2006.66,13508048000.0
321,2011-03-06,2009.08,2083.3,1990.58,2080.14,16609681000.0
322,2011-03-13,2092.32,2139.24,2044.0,2049.11,15254228400.0
323,2011-03-20,2045.67,2056.91,1989.65,2034.48,11959581800.0
324,2011-03-27,2040.1,2105.18,2022.68,2096.29,11740825000.0
325,2011-04-03,2105.09,2130.06,2076.54,2126.45,15167387200.0
326,2011-04-10,2130.08,2187.55,2130.08,2185.32,11493372000.0
327,2011-04-17,2191.93,2214.84,2146.07,2201.09,16963273200.0
328,2011-04-24,2192.29,2214.52,2134.84,2151.67,12593265800.0
329,2011-05-01,2147.59,2150.8,2084.65,2113.87,11613551000.0
330,2011-05-08,2111.23,2117.83,2021.98,2037.75,7864370000.0
331,2011-05-15,2041.35,2062.9,2012.38,2043.26,6956967900.0
332,2011-05-22,2036.32,2065.96,2009.56,2052.54,6796551000.0
333,2011-05-29,2047.77,2047.77,1969.74,1976.69,7423850000.0
334,2011-06-05,1974.54,2011.31,1943.97,1974.95,7616073600.0
335,2011-06-12,1968.17,1986.12,1930.34,1951.03,5324131200.0
336,2011-06-19,1936.06,1977.13,1910.99,1912.38,7782573300.0
337,2011-06-26,1910.28,2009.96,1896.98,1997.3,9214731200.0
338,2011-07-03,1994.99,2007.78,1959.56,1986.03,10078192200.0
339,2011-07-10,1996.26,2040.09,1996.26,2014.73,12209801200.0
340,2011-07-17,2006.07,2015.5,1966.47,2012.03,9869152200.0
341,2011-07-24,2013.46,2014.71,1959.76,1964.83,8320181500.0
342,2011-07-31,1954.32,1955.19,1885.62,1908.21,9135159700.0
343,2011-08-07,1905.9,1919.88,1841.01,1850.14,6563256300.0
344,2011-08-14,1832.66,1850.0,1741.1,1838.16,11774582000.0
345,2011-08-21,1842.12,1886.24,1792.46,1806.28,8039164100.0
346,2011-08-28,1808.06,1879.61,1782.97,1876.33,8909988900.0
347,2011-09-04,1856.74,1871.64,1811.27,1820.68,6972902700.0
348,2011-09-11,1805.88,1827.47,1770.37,1800.93,5748695200.0
349,2011-09-18,1775.22,1799.11,1753.56,1784.93,4669832800.0
350,2011-09-25,1772.29,1814.55,1714.21,1740.32,7592127000.0
351,2011-10-02,1724.03,1743.79,1678.42,1684.5,6838543500.0
352,2011-10-09,,,,,0.0
353,2011-10-16,1688.41,1751.29,1657.35,1745.21,9243102800.0
354,2011-10-23,1748.08,1770.26,1660.89,1676.1,6921360500.0
355,2011-10-30,1683.71,1827.02,1677.72,1807.06,11755930800.0
356,2011-11-06,1802.84,1843.95,1767.07,1831.76,10667410400.0
357,2011-11-13,1822.94,1831.18,1773.25,1779.51,7614087000.0
358,2011-11-20,1795.81,1820.18,1716.7,1720.76,7131444000.0
359,2011-11-27,1722.91,1726.66,1685.9,1691.67,4580761000.0
360,2011-12-04,1698.3,1745.93,1657.63,1704.46,7034823200.0
361,2011-12-11,1708.96,1716.27,1681.59,1692.06,4888451800.0
362,2011-12-18,1689.72,1692.53,1594.29,1629.0,5556381200.0
363,2011-12-25,1615.95,1646.73,1584.15,1617.94,6344198200.0
364,2012-01-01,1608.52,1621.94,1571.51,1617.61,5521064900.0
365,2012-01-08,1628.17,1631.26,1588.6,1608.36,4477104200.0
366,2012-01-15,1608.49,1717.8,1598.39,1685.91,10387332400.0
367,2012-01-22,1676.14,1779.0,1649.04,1775.09,10325650700.0
368,2012-01-29,,,,,0.0
369,2012-02-05,1778.14,1780.22,1709.54,1772.19,8195190100.0
370,2012-02-12,1775.44,1800.03,1721.85,1778.32,9683954400.0
371,2012-02-19,1757.02,1786.48,1747.83,1765.65,7809108100.0
372,2012-02-26,1790.39,1827.04,1756.41,1826.72,11119235300.0
373,2012-03-04,1833.44,1851.36,1813.45,1843.85,11962366900.0
374,2012-03-11,1847.45,1850.25,1774.51,1811.49,10371405200.0
375,2012-03-18,1810.1,1831.86,1754.06,1780.08,12066153000.0
376,2012-03-25,1775.96,1781.08,1741.53,1747.92,9699515000.0
377,2012-04-01,1747.85,1760.75,1681.97,1705.63,7384988500.0
378,2012-04-08,1698.74,1739.89,1691.48,1737.51,3880537700.0
379,2012-04-15,1730.45,1785.45,1702.95,1777.07,7823964000.0
380,2012-04-22,1767.67,1816.36,1748.76,1815.88,8631231400.0
381,2012-04-29,1812.93,1832.84,1784.26,1822.54,10215922700.0
382,2012-05-06,1846.86,1877.42,1836.27,1876.66,7282292600.0
383,2012-05-13,1864.38,1871.39,1814.87,1815.73,10180367700.0
384,2012-05-20,1827.51,1829.48,1771.28,1775.57,8353112700.0
385,2012-05-27,1775.29,1815.96,1770.83,1776.38,7240962800.0
386,2012-06-03,1771.69,1827.63,1763.69,1808.53,8344052700.0
387,2012-06-10,1790.69,1791.61,1736.08,1738.59,7490036900.0
388,2012-06-17,1741.18,1775.57,1734.81,1769.49,7268351000.0
389,2012-06-24,1778.09,1785.78,1730.21,1735.34,4592090100.0
390,2012-07-01,1729.1,1729.46,1675.52,1708.86,6031660900.0
391,2012-07-08,1715.96,1723.07,1681.04,1711.58,6708337800.0
392,2012-07-15,1699.41,1708.19,1651.25,1685.02,7314556500.0
393,2012-07-22,1688.78,1688.78,1642.12,1658.3,6297728300.0
394,2012-07-29,1646.76,1646.76,1620.93,1630.31,5344729600.0
395,2012-08-05,1633.48,1651.97,1622.69,1641.6,5855998700.0
396,2012-08-12,1639.76,1675.52,1638.1,1665.18,6355174700.0
397,2012-08-19,1661.6,1661.6,1595.24,1606.0,5519836300.0
398,2012-08-26,1594.06,1609.99,1582.71,1588.11,5456168400.0
399,2012-09-02,1583.91,1583.91,1542.24,1551.2,6360569900.0
400,2012-09-09,1547.77,1634.69,1531.11,1619.21,9321392800.0
401,2012-09-16,1620.36,1628.64,1593.36,1614.7,8694658800.0
402,2012-09-23,1612.55,1615.22,1535.61,1545.96,6958282000.0
403,2012-09-30,1534.65,1616.38,1528.58,1613.09,7563569500.0
404,2012-10-07,,,,,0.0
405,2012-10-14,1611.64,1636.41,1588.0,1618.66,6846114000.0
406,2012-10-21,1620.05,1643.48,1603.28,1637.76,5871881600.0
407,2012-10-28,1628.18,1648.08,1577.72,1584.7,6318515100.0
408,2012-11-04,1581.23,1628.83,1566.95,1626.61,7204216700.0
409,2012-11-11,1623.76,1634.79,1587.79,1591.85,6714220500.0
410,2012-11-18,1592.86,1601.29,1542.53,1551.56,5828583600.0
411,2012-11-25,1550.25,1574.48,1533.51,1568.75,4749881700.0
412,2012-12-02,1565.64,1569.36,1529.03,1547.76,5598056500.0
413,2012-12-09,1544.59,1637.54,1528.28,1634.92,11565602100.0
414,2012-12-16,1642.08,1728.82,1634.63,1728.06,13478220700.0
415,2012-12-23,1732.9,1769.77,1725.56,1737.99,14908368200.0
416,2012-12-30,1733.41,1819.65,1731.84,1817.85,13227157800.0
417,2013-01-06,1821.98,1899.88,1821.98,1870.5,7208663600.0
418,2013-01-13,1865.06,1892.13,1810.84,1818.98,13054733200.0
419,2013-01-20,1811.32,1907.65,1811.07,1886.79,14909608200.0
420,2013-01-27,1890.85,1961.98,1871.67,1886.45,16959987000.0
421,2013-02-03,1890.88,2058.05,1890.88,2055.72,20410969600.0
422,2013-02-10,2068.02,2088.45,2014.75,2042.42,21866981600.0
423,2013-02-17,,,,,0.0
424,2013-02-24,2051.92,2055.41,1876.32,1883.48,16413417600.0
425,2013-03-03,1893.44,1963.6,1863.01,1944.42,15991712600.0
426,2013-03-10,1904.43,1943.93,1828.55,1901.48,18084081600.0
427,2013-03-17,1895.05,1900.36,1815.37,1841.32,12875473000.0
428,2013-03-24,1829.39,1913.27,1805.56,1904.46,13525206400.0
429,2013-03-31,1913.79,1927.37,1774.92,1793.19,14674710600.0
430,2013-04-07,1781.79,1805.74,1771.37,1789.67,5852256200.0
431,2013-04-14,1755.76,1808.28,1747.66,1774.5,8712386900.0
432,2013-04-21,1768.21,1836.61,1739.22,1827.98,10691900900.0
433,2013-04-28,1820.03,1830.99,1755.44,1766.04,10453998500.0
434,2013-05-05,1758.38,1821.38,1745.57,1795.49,4248787400.0
435,2013-05-12,1804.89,1842.13,1794.42,1819.12,9829006400.0
436,2013-05-19,1819.56,1849.88,1770.41,1843.81,10007543000.0
437,2013-05-26,1848.32,1877.27,1814.57,1829.14,10524038800.0
438,2013-06-02,1825.22,1882.75,1821.16,1841.37,11258167400.0
439,2013-06-09,1840.4,1854.38,1755.6,1760.22,8426186500.0
440,2013-06-16,1733.14,1733.14,1679.66,1704.15,4364897000.0
441,2013-06-23,1709.48,1712.94,1598.47,1633.16,8435995100.0
442,2013-06-30,1625.44,1625.44,1422.98,1552.38,15995030000.0
443,2013-07-07,1539.78,1556.59,1501.08,1542.05,10994412000.0
444,2013-07-14,1518.88,1653.59,1497.5,1587.59,14650488100.0
445,2013-07-21,1599.04,1631.99,1508.28,1511.4,11622252800.0
446,2013-07-28,1493.99,1569.74,1485.06,1521.61,10049630800.0
447,2013-08-04,1505.68,1558.83,1478.2,1536.5,9185748700.0
448,2013-08-11,1540.49,1575.69,1533.0,1553.04,9315999500.0
449,2013-08-18,1560.16,1711.43,1557.56,1592.79,15913349600.0
450,2013-08-25,1576.57,1628.68,1543.0,1566.29,11139211800.0
451,2013-09-01,1573.22,1609.06,1566.02,1589.78,11440952800.0
452,2013-09-08,1594.99,1630.3,1579.72,1625.85,11228994400.0
453,2013-09-15,1643.18,1798.96,1643.18,1749.24,28332202400.0
454,2013-09-22,1763.92,1765.47,1680.68,1700.59,11790722000.0
455,2013-09-29,1707.9,1716.09,1624.88,1639.15,13682415000.0
456,2013-10-06,1648.15,1653.24,1634.93,1643.06,1717054000.0
457,2013-10-13,1637.98,1673.04,1622.59,1669.27,10591274000.0
458,2013-10-20,1670.73,1671.51,1625.47,1636.8,11568212000.0
459,2013-10-27,1640.28,1670.0,1601.66,1611.52,11767983200.0
460,2013-11-03,1614.68,1655.93,1600.8,1644.75,12693604500.0
461,2013-11-10,1654.11,1659.76,1585.62,1587.44,8762915700.0
462,2013-11-17,1587.59,1622.85,1559.57,1604.82,9868718200.0
463,2013-11-24,1618.16,1676.87,1610.04,1642.5,15076813400.0
464,2013-12-01,1633.84,1680.82,1627.89,1661.41,11163548800.0
465,2013-12-08,1662.39,1709.58,1655.0,1675.26,15650456800.0
466,2013-12-15,1681.21,1687.53,1614.97,1626.41,9644433200.0
467,2013-12-22,1627.1,1631.09,1534.1,1537.41,9212807800.0
468,2013-12-29,1541.37,1559.82,1522.59,1550.22,8082042400.0
469,2014-01-05,1557.51,1578.24,1529.15,1536.07,7911697900.0
470,2014-01-12,1534.5,1534.5,1493.5,1498.27,9138819800.0
471,2014-01-19,1500.86,1510.32,1470.86,1475.67,8494071100.0
472,2014-01-26,1472.39,1514.97,1459.45,1502.06,8601861400.0
473,2014-02-02,1491.82,1498.58,1475.5,1477.34,6152598500.0
474,2014-02-09,1467.36,1475.72,1458.49,1475.34,1382621000.0
475,2014-02-16,1480.6,1548.62,1480.52,1534.24,13877618000.0
476,2014-02-23,1545.18,1556.42,1496.09,1505.33,14423040000.0
477,2014-03-02,1492.28,1492.28,1429.61,1464.32,13671748400.0
478,2014-03-09,1459.86,1472.08,1435.94,1455.58,12513340200.0
479,2014-03-16,1442.98,1451.29,1403.28,1426.4,11306701400.0
480,2014-03-23,1435.27,1468.94,1402.18,1464.08,11301436200.0
481,2014-03-30,1468.81,1486.85,1450.45,1472.05,13927517800.0
482,2014-04-06,1473.15,1504.54,1457.83,1490.33,10149110900.0
483,2014-04-13,1488.65,1587.62,1488.06,1565.31,15391064800.0
484,2014-04-20,1562.19,1568.52,1503.64,1521.28,9984662500.0
485,2014-04-27,1510.18,1526.02,1487.77,1501.05,9806917300.0
486,2014-05-04,1499.68,1505.11,1478.51,1494.81,5721554800.0
487,2014-05-11,1490.1,1499.74,1471.65,1480.74,8567896800.0
488,2014-05-18,1492.63,1513.12,1480.83,1487.74,9318849000.0
489,2014-05-25,1482.04,1493.18,1447.94,1484.38,6750566800.0
490,2014-06-01,1493.34,1497.68,1474.85,1482.1,6805700200.0
491,2014-06-08,1482.44,1491.04,1459.53,1472.27,5148009900.0
492,2014-06-15,1466.64,1509.02,1466.15,1502.96,8139213200.0
493,2014-06-22,1503.66,1521.96,1473.67,1484.48,8634746000.0
494,2014-06-29,1483.66,1489.31,1466.4,1473.76,6679065300.0
495,2014-07-06,1475.72,1495.04,1475.72,1492.46,8152167300.0
496,2014-07-13,1493.07,1497.72,1460.91,1468.54,8321426100.0
497,2014-07-20,1468.69,1490.19,1464.75,1478.76,10333092500.0
498,2014-07-27,1478.72,1557.58,1474.8,1557.02,14569696400.0
499,2014-08-03,1566.33,1639.32,1566.33,1607.97,23681991200.0
500,2014-08-10,1614.9,1646.32,1586.09,1595.66,17456237200.0
501,2014-08-17,1601.3,1621.71,1593.22,1612.0,13818517400.0
502,2014-08-24,1614.22,1623.9,1576.32,1594.18,13003087600.0
503,2014-08-31,1594.71,1595.44,1563.4,1581.28,10934513900.0
504,2014-09-07,1582.02,1657.6,1576.22,1656.24,16979390400.0
505,2014-09-14,1657.61,1660.01,1614.54,1630.2,12489048400.0
506,2014-09-21,1625.87,1629.69,1596.54,1619.58,17860451600.0
507,2014-09-28,1613.81,1636.22,1580.97,1616.09,16303888800.0
508,2014-10-05,1621.09,1627.19,1613.79,1619.7,7258466400.0
509,2014-10-12,1625.26,1639.17,1614.5,1621.71,11598063200.0
510,2014-10-19,1614.2,1629.09,1592.7,1608.52,19441349600.0
511,2014-10-26,1613.8,1615.39,1580.71,1583.42,14918217200.0
512,2014-11-02,1572.89,1665.46,1556.54,1657.29,22568679600.0
513,2014-11-09,1662.75,1667.7,1625.99,1640.32,27663698000.0
514,2014-11-16,1671.22,1750.84,1657.14,1728.8,42655503200.0
515,2014-11-23,1758.99,1758.99,1662.72,1714.71,24514912000.0
516,2014-11-30,1729.27,1915.81,1722.71,1914.44,54234341600.0
517,2014-12-07,1936.81,2259.51,1909.37,2200.25,89869318400.0
518,2014-12-14,2187.5,2402.13,2111.88,2193.29,91595334400.0
519,2014-12-21,2170.28,2413.68,2139.47,2390.28,78528572800.0
520,2014-12-28,2393.04,2479.11,2238.65,2464.82,75105180000.0
521,2015-01-04,2533.99,2590.09,2437.75,2581.57,48872147200.0
522,2015-01-11,2612.85,2692.61,2540.34,2569.02,75876070400.0
523,2015-01-18,2565.74,2685.31,2499.87,2653.03,52725932800.0
524,2015-01-25,2448.93,2612.93,2355.26,2564.51,66470081600.0
525,2015-02-01,2563.91,2574.33,2400.63,2405.38,45687485600.0
526,2015-02-08,2337.2,2456.57,2303.11,2325.24,43212727200.0
527,2015-02-15,2319.24,2464.08,2311.8,2427.47,33776024000.0
528,2015-02-22,2427.17,2464.52,2413.6,2445.26,12261868800.0
529,2015-03-01,2448.2,2498.7,2382.69,2474.59,24434636800.0
530,2015-03-08,2495.57,2498.72,2344.95,2371.62,38620004800.0
531,2015-03-15,2352.22,2532.15,2321.26,2495.28,48368963200.0
532,2015-03-22,2512.35,2710.13,2485.29,2680.68,67153380800.0
533,2015-03-29,2700.16,2724.64,2621.45,2689.24,68129222400.0
534,2015-04-05,2716.43,2860.24,2704.8,2817.18,71765268000.0
535,2015-04-12,2854.41,3021.85,2838.88,2986.6,65797371200.0
536,2015-04-19,3040.01,3271.57,3013.31,3235.33,89029337600.0
537,2015-04-26,3267.85,3313.81,3135.22,3223.96,101441576000.0
538,2015-05-03,3257.97,3370.02,3243.54,3250.49,75926440000.0
539,2015-05-10,3250.12,3273.15,3045.01,3110.46,66458896000.0
540,2015-05-17,3112.24,3200.18,3044.85,3060.41,59721711200.0
541,2015-05-24,3032.71,3249.52,2996.72,3248.86,56758256800.0
542,2015-05-31,3263.96,3404.76,3036.96,3111.33,76599054400.0
543,2015-06-07,3114.79,3365.59,3082.16,3303.99,77684446400.0
544,2015-06-14,3333.83,3494.82,3308.3,3350.25,90733340800.0
545,2015-06-21,3359.71,3366.84,2900.79,2903.06,75199299200.0
546,2015-06-28,2907.08,3082.56,2678.77,2736.7,62071764800.0
547,2015-07-05,2802.77,2872.91,2511.16,2582.27,99497640000.0
548,2015-07-12,2807.75,2997.6,2493.64,2898.41,164003705600.0
549,2015-07-19,2855.7,2949.2,2665.95,2807.06,87914477600.0
550,2015-07-26,2798.56,2815.7,2721.35,2741.04,59085455200.0
551,2015-08-02,2698.8,2715.36,2400.87,2461.24,53173730400.0
552,2015-08-09,2433.24,2537.35,2419.85,2503.8,32235868400.0
553,2015-08-16,2527.62,2626.36,2517.95,2577.04,42758571200.0
554,2015-08-23,2560.37,2572.21,2261.31,2271.36,40968225600.0
555,2015-08-30,2195.46,2203.63,1874.22,2159.96,58998708000.0
556,2015-09-06,2135.6,2248.77,2071.41,2243.63,44156483200.0
557,2015-09-13,2215.18,2247.44,2084.03,2195.39,31387273600.0
558,2015-09-20,2205.7,2277.58,2126.29,2198.99,28821342400.0
559,2015-09-27,2185.08,2259.07,2150.02,2183.4,17476668800.0
560,2015-10-04,2169.15,2175.97,2114.3,2146.12,7077810200.0
561,2015-10-11,2231.02,2231.24,2189.99,2219.29,7239085400.0
562,2015-10-18,2223.32,2328.3,2220.63,2323.78,24833120800.0
563,2015-10-25,2329.4,2369.37,2268.82,2343.96,30110259600.0
564,2015-11-01,2366.84,2381.71,2298.97,2312.97,20681172400.0
565,2015-11-08,2291.25,2503.65,2265.67,2493.48,37336093200.0
566,2015-11-15,2501.72,2592.19,2444.2,2447.77,40447445600.0
567,2015-11-22,2410.04,2514.46,2407.94,2466.76,26051009600.0
568,2015-11-29,2465.81,2485.42,2320.07,2334.44,22853586800.0
569,2015-12-06,2325.07,2481.54,2280.68,2397.56,30575601600.0
570,2015-12-13,2398.09,2404.91,2324.62,2342.45,15499675000.0
571,2015-12-20,2319.2,2466.35,2316.9,2422.84,20858838400.0
572,2015-12-27,2415.63,2550.9,2414.84,2492.34,27103561100.0
573,2016-01-03,2498.78,2502.33,2399.92,2420.8,13419128100.0
574,2016-01-10,2417.02,2417.02,2154.58,2219.61,18339313900.0
575,2016-01-17,2182.85,2202.32,2052.3,2070.93,18692541100.0
576,2016-01-24,2040.41,2135.36,2026.27,2061.96,16466911900.0
577,2016-01-31,2067.56,2074.9,1900.35,1973.0,16675460500.0
578,2016-02-07,1970.21,1983.25,1917.24,1967.26,12093788000.0
579,2016-02-14,,,,,0.0
580,2016-02-21,1916.42,2034.16,1914.49,2004.11,13645196700.0
581,2016-02-28,2025.18,2064.61,1925.2,1955.4,16093071900.0
582,2016-03-06,1951.68,2128.57,1891.1,2122.27,25116604100.0
583,2016-03-13,2122.55,2133.56,2037.29,2070.72,16246181900.0
584,2016-03-20,2079.91,2165.15,2055.32,2141.18,23047885100.0
585,2016-03-27,2156.95,2214.64,2135.53,2149.2,22070455000.0
586,2016-04-03,2152.81,2171.79,2100.92,2167.78,15438007400.0
587,2016-04-10,2151.37,2186.92,2114.26,2123.8,11587999000.0
588,2016-04-17,2140.56,2197.74,2135.29,2182.07,14941688600.0
589,2016-04-24,2166.0,2173.09,2093.82,2157.72,14119434600.0
590,2016-05-01,2149.25,2163.24,2130.3,2135.51,8042780600.0
591,2016-05-08,2136.2,2167.73,2106.44,2107.01,8266183500.0
592,2016-05-15,2100.64,2100.64,2055.51,2076.19,9246203100.0
593,2016-05-22,2068.92,2083.85,2053.72,2083.12,7940749700.0
594,2016-05-29,2082.97,2095.17,2062.17,2074.92,6257265500.0
595,2016-06-05,2076.93,2158.72,2065.64,2152.64,12072226900.0
596,2016-06-12,2148.96,2151.06,2124.84,2132.96,4413311900.0
597,2016-06-19,2113.91,2122.46,2073.1,2102.2,9174856300.0
598,2016-06-26,2109.57,2130.9,2052.98,2076.3,8122997300.0
599,2016-07-03,2070.94,2133.35,2070.82,2127.09,10001972000.0
600,2016-07-10,2121.9,2174.42,2120.49,2148.76,13404470700.0
601,2016-07-17,2152.74,2222.25,2150.37,2192.39,15788054500.0
602,2016-07-24,2190.47,2205.8,2154.36,2157.23,10233418500.0
603,2016-07-31,2155.32,2186.08,2125.27,2155.24,11545915400.0
604,2016-08-07,2151.54,2159.14,2130.18,2148.68,7917449700.0
605,2016-08-14,2147.7,2222.69,2137.52,2222.49,11800668200.0
606,2016-08-21,2227.08,2310.28,2225.62,2249.34,21862474900.0
607,2016-08-28,2249.08,2256.33,2205.01,2219.31,10558881900.0
608,2016-09-04,2219.02,2237.66,2205.12,2229.89,9608850300.0
609,2016-09-11,2230.41,2246.37,2217.48,2229.31,9274856400.0
610,2016-09-18,2201.68,2202.91,2172.4,2176.52,6768547200.0
611,2016-09-25,2178.76,2210.79,2178.76,2196.29,6473074700.0
612,2016-10-02,2190.39,2190.39,2162.44,2177.35,5992794900.0
613,2016-10-09,,,,,0.0
614,2016-10-16,2187.65,2212.43,2185.47,2209.82,9820772300.0
615,2016-10-23,2207.35,2246.58,2189.27,2240.75,13981329400.0
616,2016-10-30,2245.46,2285.08,2243.63,2253.8,16084506600.0
617,2016-11-06,2247.99,2284.95,2236.2,2271.93,14119620400.0
618,2016-11-13,2271.96,2315.96,2244.43,2308.43,18742960800.0
619,2016-11-20,2304.61,2338.58,2297.74,2307.27,19869343900.0
620,2016-11-27,2304.77,2394.71,2304.77,2393.95,25905120900.0
621,2016-12-04,2406.7,2455.43,2395.81,2416.51,39079676100.0
622,2016-12-11,2378.21,2422.78,2358.87,2411.31,25884964100.0
623,2016-12-18,2408.09,2423.39,2298.43,2302.32,23173980900.0
624,2016-12-25,2299.71,2304.6,2262.88,2278.48,15673588300.0
625,2017-01-01,2266.38,2300.16,2251.71,2286.9,12730397700.0
626,2017-01-08,2285.27,2326.43,2285.27,2308.94,10498715900.0
627,2017-01-15,2308.44,2321.69,2291.06,2308.05,12718704200.0
628,2017-01-22,2303.32,2350.26,2282.24,2347.18,13736609800.0
629,2017-01-29,2350.55,2371.93,2340.53,2364.02,7585215000.0
630,2017-02-05,2367.53,2368.91,2338.2,2339.99,1451595100.0
631,2017-02-12,2346.44,2374.48,2323.91,2368.18,13179415200.0
632,2017-02-19,2369.7,2389.32,2361.0,2362.71,15850022100.0
633,2017-02-26,2361.76,2410.34,2361.51,2389.88,15091201200.0
634,2017-03-05,2384.92,2387.82,2338.85,2347.15,11203007500.0
635,2017-03-12,2346.04,2362.96,2334.34,2339.23,11035305800.0
636,2017-03-19,2337.36,2376.51,2328.62,2346.96,12574944500.0
637,2017-03-26,2352.11,2373.58,2330.12,2365.6,15576251800.0
638,2017-04-02,2364.74,2381.76,2335.23,2359.75,14994155200.0
639,2017-04-09,2369.49,2395.12,2365.34,2388.27,11564907500.0
640,2017-04-16,2388.56,2391.95,2344.61,2355.52,15121119700.0
641,2017-04-23,2348.75,2359.18,2311.66,2347.68,13169977800.0
642,2017-04-30,2344.19,2360.28,2323.67,2347.04,12751433100.0
643,2017-05-07,2341.75,2350.52,2297.45,2320.6,8668449000.0
644,2017-05-14,2309.24,2375.64,2298.32,2375.45,13042858900.0
645,2017-05-21,2380.27,2394.52,2347.38,2361.66,9958848100.0
646,2017-05-28,2359.97,2483.75,2358.78,2471.21,16152818700.0
647,2017-06-04,2470.94,2502.85,2462.26,2475.46,8430882200.0
648,2017-06-11,2468.94,2536.99,2442.27,2519.27,12918575600.0
649,2017-06-18,2515.58,2545.04,2448.31,2452.79,10227048700.0
650,2017-06-25,2455.03,2544.67,2453.35,2529.1,13186726900.0
651,2017-07-02,2531.28,2560.86,2529.24,2549.97,13332798400.0
652,2017-07-09,2550.5,2561.64,2506.68,2543.66,10720368100.0
653,2017-07-16,2538.16,2623.32,2530.93,2622.98,17286882700.0
654,2017-07-23,2627.38,2666.04,2594.43,2639.21,21628618100.0
655,2017-07-30,2636.55,2667.79,2610.58,2636.39,15529382600.0
656,2017-08-06,2633.88,2696.64,2626.18,2627.8,16446576700.0
657,2017-08-13,2621.55,2641.34,2566.57,2570.26,13991892700.0
658,2017-08-20,2572.3,2623.08,2567.6,2613.26,11484062000.0
659,2017-08-27,2619.04,2706.7,2610.26,2706.24,15867981000.0
660,2017-09-03,2715.47,2766.79,2700.16,2710.12,22109171500.0
661,2017-09-10,2703.33,2738.59,2681.44,2686.69,14697641300.0
662,2017-09-17,2691.34,2708.42,2659.73,2668.38,14430586100.0
663,2017-09-24,2670.2,2694.06,2660.53,2679.05,14670314000.0
664,2017-10-01,2672.94,2682.75,2653.46,2672.33,11318978300.0
665,2017-10-08,,,,,0.0
666,2017-10-15,2736.84,2743.36,2671.94,2713.38,13925878800.0
667,2017-10-22,2719.31,2756.04,2715.05,2737.64,11653281800.0
668,2017-10-29,2744.32,2815.42,2730.84,2814.27,14583872800.0
669,2017-11-05,2812.24,2822.59,2770.12,2800.47,20301241000.0
670,2017-11-12,2798.47,2867.06,2776.95,2862.34,20430829000.0
671,2017-11-19,2865.78,2940.77,2839.46,2938.8,21799426500.0
672,2017-11-26,2916.74,3038.28,2897.2,2936.83,29446245800.0
673,2017-12-03,2928.36,2928.86,2834.26,2842.18,18347816600.0
674,2017-12-10,2829.81,2922.33,2823.94,2865.34,17151121000.0
675,2017-12-17,2862.61,2900.27,2817.32,2820.17,12659006800.0
676,2017-12-24,2821.42,2906.81,2815.82,2880.77,11768830500.0
677,2017-12-31,2882.28,2915.61,2829.54,2860.44,14843668000.0
678,2018-01-07,2867.53,2947.63,2867.53,2932.36,19567959200.0
679,2018-01-14,2933.82,3019.7,2926.87,3018.6,23692579400.0
680,2018-01-21,3027.2,3145.99,3022.47,3117.82,40297984700.0
681,2018-01-28,3104.96,3202.47,3104.4,3172.78,43781703100.0
682,2018-02-04,3184.3,3197.84,3062.53,3149.64,30789827800.0
683,2018-02-11,3098.67,3181.59,2724.59,2810.03,42999820700.0
684,2018-02-18,2803.86,2887.89,2776.96,2871.79,11826202900.0
685,2018-02-25,2915.97,2966.75,2900.87,2957.17,7750524200.0
686,2018-03-04,2973.81,2986.81,2852.01,2864.18,19732300100.0
687,2018-03-11,2865.2,2921.44,2838.61,2908.2,17594591000.0
688,2018-03-18,2922.62,2927.51,2860.41,2870.73,16993115600.0
689,2018-03-25,2870.36,2932.22,2754.66,2791.47,17969015400.0
690,2018-04-01,2767.36,2780.84,2657.49,2722.15,19057319700.0
691,2018-04-08,2717.12,2754.65,2683.05,2702.37,9005913900.0
692,2018-04-15,2706.33,2803.88,2688.83,2726.4,15122705700.0
693,2018-04-22,2716.58,2723.58,2623.97,2647.38,14960373500.0
694,2018-04-29,2637.07,2737.21,2613.53,2653.54,14017621600.0
695,2018-05-06,2662.08,2671.24,2626.54,2646.36,7364341500.0
696,2018-05-13,2649.1,2738.65,2638.17,2724.72,12161535000.0
697,2018-05-20,2736.98,2761.5,2690.99,2740.54,11107077600.0
698,2018-05-27,2753.88,2761.72,2650.34,2661.29,11620836500.0
699,2018-06-03,2661.21,2682.78,2604.91,2647.19,11653208300.0
700,2018-06-10,2664.84,2717.06,2637.36,2652.08,11482605300.0
701,2018-06-17,2644.43,2691.97,2633.08,2667.98,10578053700.0
702,2018-06-24,2638.4,2646.64,2553.3,2583.71,12569643000.0
703,2018-07-01,2593.62,2595.99,2418.3,2479.91,12093880500.0
704,2018-07-08,2473.31,2473.73,2331.84,2402.62,12503797700.0
705,2018-07-15,2410.52,2490.44,2409.31,2476.86,11371492000.0
706,2018-07-22,2471.15,2506.94,2409.05,2493.76,10924588500.0
707,2018-07-29,2482.05,2579.59,2478.19,2525.09,15926151900.0
708,2018-08-05,2525.38,2570.31,2412.96,2413.5,12326777500.0
709,2018-08-12,2417.3,2518.11,2393.68,2503.21,12506424800.0
710,2018-08-19,2480.1,2485.23,2367.05,2374.17,10589851900.0
711,2018-08-26,2386.14,2496.39,2370.82,2472.0,10303019200.0
712,2018-09-02,2484.41,2530.5,2455.98,2474.48,11242601900.0
713,2018-09-09,2461.86,2507.04,2408.93,2437.68,9945164500.0
714,2018-09-16,2431.18,2440.11,2373.04,2425.42,9086147700.0
715,2018-09-23,2411.38,2573.6,2391.73,2573.6,13025180200.0
716,2018-09-30,2545.21,2618.82,2536.43,2606.67,10975928200.0
717,2018-10-07,,,,,0.0
718,2018-10-14,2544.49,2548.89,2369.02,2444.13,14172948600.0
719,2018-10-21,2443.73,2459.88,2344.98,2446.32,11937713900.0
720,2018-10-28,2463.49,2566.63,2415.49,2468.91,17869764600.0
721,2018-11-04,2461.92,2544.19,2377.98,2542.77,18071702000.0
722,2018-11-11,2520.88,2524.65,2434.08,2434.21,12487131100.0
723,2018-11-18,2426.83,2482.44,2413.78,2461.45,13385136200.0
724,2018-11-25,2466.43,2492.08,2398.73,2399.2,11621472600.0
725,2018-12-02,2409.47,2441.42,2387.93,2428.04,8741184800.0
726,2018-12-09,2492.43,2500.57,2427.89,2430.72,11590868400.0
727,2018-12-16,2410.17,2469.7,2399.32,2423.38,9864373300.0
728,2018-12-23,2420.58,2430.89,2288.41,2306.14,11216316700.0
729,2018-12-30,2293.75,2313.05,2256.47,2293.1,10914228500.0
730,2019-01-06,2298.18,2316.35,2249.37,2314.65,6567653300.0
731,2019-01-13,2329.03,2360.36,2298.96,2354.5,11285590400.0
732,2019-01-20,2350.26,2422.03,2330.0,2417.36,10866882700.0
733,2019-01-27,2418.0,2453.67,2385.1,2441.64,10799988400.0
734,2019-02-03,2455.28,2503.55,2423.46,2499.64,11179816500.0
735,2019-02-10,,,,,0.0
736,2019-02-17,2485.5,2587.88,2484.65,2517.46,14852651700.0
737,2019-02-24,2540.53,2623.09,2540.3,2623.07,18191015800.0
738,2019-03-03,2652.91,2819.47,2652.91,2819.47,36211918300.0
739,2019-03-10,2839.4,2907.82,2684.2,2685.59,36731951300.0
740,2019-03-17,2683.76,2783.51,2670.79,2755.8,25854107600.0
741,2019-03-24,2763.22,2842.44,2749.2,2795.39,22500599300.0
742,2019-03-31,2757.81,2845.23,2693.91,2838.5,21727386000.0
743,2019-04-07,2860.14,2959.59,2860.14,2951.98,27685907200.0
744,2019-04-14,2978.5,3007.83,2903.27,2920.52,24935926600.0
745,2019-04-21,2973.02,3043.93,2909.66,3042.43,25877672200.0
746,2019-04-28,3047.43,3048.82,2892.53,2892.86,20874756200.0
747,2019-05-05,2906.47,2968.16,2899.83,2945.24,7137733800.0
748,2019-05-12,2853.88,2867.6,2686.47,2793.76,19846497100.0
749,2019-05-19,2751.76,2797.15,2716.73,2735.21,14255027400.0
750,2019-05-26,2726.07,2764.48,2679.54,2702.02,13038765800.0
751,2019-06-02,2696.26,2780.31,2667.38,2728.95,13344131800.0
752,2019-06-09,2737.81,2762.08,2701.92,2706.76,9652461700.0
753,2019-06-16,2717.91,2816.99,2712.16,2785.61,14396134300.0
754,2019-06-23,2785.47,2958.23,2785.38,2938.77,18723493900.0
755,2019-06-30,2942.51,2958.02,2875.37,2930.6,14838743100.0
756,2019-07-07,2984.65,3011.91,2937.6,2961.92,16794534600.0
757,2019-07-14,2944.97,2944.97,2870.67,2902.13,11663028500.0
758,2019-07-21,2885.98,2920.16,2850.1,2895.62,10570062800.0
759,2019-07-28,2897.79,2943.07,2871.51,2939.36,11652678000.0
760,2019-08-04,2936.64,2958.3,2831.66,2843.77,12317267000.0
761,2019-08-11,2823.35,2828.48,2718.21,2772.15,14466905700.0
762,2019-08-18,2787.44,2846.26,2756.38,2824.23,11914125500.0
763,2019-08-25,2839.25,2923.93,2823.87,2917.38,13799730800.0
764,2019-09-01,2869.46,2915.84,2843.28,2872.4,13409835600.0
765,2019-09-08,2871.29,2988.21,2866.75,2981.07,17762297900.0
766,2019-09-15,3004.8,3008.67,2946.57,2999.56,14175422100.0
767,2019-09-22,3003.65,3004.88,2929.31,2963.44,13778319400.0
768,2019-09-29,2955.26,2956.29,2916.07,2929.47,12352293300.0
769,2019-10-06,2917.08,2933.51,2897.68,2897.7,1923302100.0
770,2019-10-13,2898.53,2989.75,2896.26,2983.12,10427066200.0
771,2019-10-20,3007.36,3043.45,2961.13,2963.18,13781314300.0
772,2019-10-27,2957.97,2983.84,2935.06,2967.05,11686313900.0
773,2019-11-03,2967.63,3005.18,2946.97,3002.65,12727090700.0
774,2019-11-10,3012.94,3065.93,3011.2,3012.46,15005660800.0
775,2019-11-17,2995.14,2995.14,2953.76,2954.7,11581444300.0
776,2019-11-24,2954.78,3000.74,2913.18,2922.27,11937034000.0
777,2019-12-01,2926.15,2965.39,2879.93,2894.72,12245051400.0
778,2019-12-08,2896.51,2939.82,2876.52,2939.82,10370922600.0
779,2019-12-15,2944.16,3006.31,2923.75,3006.31,13145761100.0
780,2019-12-22,2999.5,3053.83,2983.19,3012.63,16529106600.0
781,2019-12-29,3015.29,3047.61,2976.9,3017.78,12858645000.0
782,2020-01-05,3016.2,3107.52,3007.96,3078.28,16196257500.0
783,2020-01-12,3062.28,3090.84,3030.1,3067.88,18142629200.0
784,2020-01-19,3069.68,3108.18,3039.07,3053.17,14419277000.0
785,2020-01-26,3070.67,3072.29,2910.39,2932.49,13607525200.0
786,2020-02-02,,,,,0.0
787,2020-02-09,2676.01,2866.39,2676.01,2851.71,23638550200.0
788,2020-02-16,2826.8,2906.72,2817.77,2895.06,17347468800.0
789,2020-02-23,2901.69,2991.06,2898.59,2968.14,22081577400.0
790,2020-03-01,2949.98,2953.3,2818.43,2821.04,26539276500.0
791,2020-03-08,2837.77,3023.12,2837.77,2964.84,25296897700.0
792,2020-03-15,2908.63,2935.09,2715.14,2798.77,22944232600.0
793,2020-03-22,2800.0,2800.18,2517.3,2628.42,21294025600.0
794,2020-03-29,2548.85,2733.52,2548.0,2701.44,17152229500.0
795,2020-04-05,2667.12,2722.32,2664.72,2708.82,14504357000.0
796,2020-04-12,2756.27,2787.28,2736.09,2749.85,11062161800.0
797,2020-04-19,2740.09,2825.96,2731.03,2809.08,12684825000.0
798,2020-04-26,2812.8,2821.01,2767.27,2776.02,11771014000.0
799,2020-05-03,2786.47,2882.7,2781.15,2861.91,10605055500.0
800,2020-05-10,2823.29,2883.69,2823.27,2873.01,8639896000.0
801,2020-05-17,2876.77,2897.99,2818.37,2819.69,10425372200.0
802,2020-05-24,2821.73,2872.7,2775.31,2775.81,11032405800.0
803,2020-05-31,2784.44,2830.46,2762.3,2806.66,10095968300.0
804,2020-06-07,2832.22,2922.78,2832.22,2896.35,12614279100.0
805,2020-06-14,2907.68,2931.54,2837.55,2884.12,13951366200.0
806,2020-06-21,2862.49,2933.9,2838.61,2925.94,14054510800.0
807,2020-06-28,2921.3,2947.61,2902.12,2943.47,9498268600.0
808,2020-07-05,2935.54,3159.17,2909.45,3159.16,24760026600.0
809,2020-07-12,3198.74,3466.63,3198.74,3351.78,48623017900.0
810,2020-07-19,3338.71,3421.94,3151.22,3185.89,35135477900.0
811,2020-07-26,3219.92,3354.72,3136.64,3158.28,27826698700.0
812,2020-08-02,3178.05,3284.38,3136.03,3249.34,19599344800.0
813,2020-08-09,3271.18,3329.56,3219.42,3263.75,25434558900.0
814,2020-08-16,3250.54,3333.75,3199.55,3288.51,23195870000.0
815,2020-08-23,3300.9,3397.5,3252.18,3284.73,23286567700.0
816,2020-08-30,3306.56,3372.74,3257.56,3368.44,15818304300.0
817,2020-09-06,3386.62,3408.58,3283.31,3309.21,17377382500.0
818,2020-09-13,3303.64,3328.72,3217.15,3265.5,14854132200.0
819,2020-09-20,3283.93,3347.78,3253.52,3347.78,13267254600.0
820,2020-09-27,3359.23,3360.92,3214.7,3229.78,12364527300.0
821,2020-10-04,3237.3,3269.31,3218.55,3232.42,6269706200.0
822,2020-10-11,3281.46,3296.67,3274.19,3286.86,2462439400.0
823,2020-10-18,3302.98,3400.42,3302.62,3380.17,15584197500.0
824,2020-10-25,3398.75,3430.56,3328.32,3346.61,16029716600.0
825,2020-11-01,3320.03,3351.12,3271.27,3280.38,15446556200.0
826,2020-11-08,3280.62,3386.98,3249.96,3359.12,16340484600.0
827,2020-11-15,3382.8,3440.56,3318.45,3338.31,18770714200.0
828,2020-11-22,3352.69,3415.86,3344.4,3411.93,17133188400.0
829,2020-11-29,3427.78,3498.66,3414.06,3498.66,21152196200.0
830,2020-12-06,3509.66,3570.22,3469.42,3541.52,24533096600.0
831,2020-12-13,3547.93,3548.78,3404.93,3427.86,16317624300.0
832,2020-12-20,3443.03,3543.74,3435.31,3507.97,12696793100.0
833,2020-12-27,3505.91,3531.42,3467.53,3512.49,13000905600.0
834,2021-01-03,3514.71,3646.75,3503.97,3640.64,11578996900.0
835,2021-01-10,3632.69,3833.86,3608.34,3788.32,22045020000.0
836,2021-01-17,3794.83,3931.94,3763.15,3817.94,25740481800.0
837,2021-01-24,3807.99,3874.66,3790.54,3846.4,19435749200.0
838,2021-01-31,3843.49,3903.19,3675.49,3713.25,15841051100.0
839,2021-02-07,3712.78,3876.68,3699.2,3840.77,16470448300.0
840,2021-02-14,3856.94,4039.23,3835.1,4028.53,10503855500.0
841,2021-02-21,4097.87,4110.18,3956.98,4014.46,9410281100.0
842,2021-02-28,4020.01,4020.01,3753.44,3756.86,22978805800.0
843,2021-03-07,3793.36,3818.07,3627.29,3688.68,17796478300.0
844,2021-03-14,3713.46,3732.78,3489.97,3632.58,17838925500.0
845,2021-03-21,3620.04,3627.31,3496.38,3512.02,15020060500.0
846,2021-03-28,3516.66,3558.94,3439.51,3529.73,12541681700.0
847,2021-04-04,3543.24,3616.8,3510.41,3616.76,12872455600.0
848,2021-04-11,3624.8,3624.8,3504.49,3514.11,7993379600.0
849,2021-04-18,3505.71,3520.73,3399.76,3448.1,10538040700.0
850,2021-04-25,3449.05,3533.24,3426.82,3524.02,11235169600.0
851,2021-05-02,3540.53,3548.21,3440.2,3491.19,13462573100.0
852,2021-05-09,3475.05,3510.4,3402.08,3406.31,6002595700.0
853,2021-05-16,3410.01,3504.65,3371.13,3503.04,13308422600.0
854,2021-05-23,3502.74,3556.49,3475.26,3481.86,12222615100.0
855,2021-05-30,3482.99,3709.0,3457.29,3659.3,16029077000.0
856,2021-06-06,3652.89,3665.92,3573.7,3612.7,13734306700.0
857,2021-06-13,3610.89,3634.92,3558.46,3576.78,14846204400.0
858,2021-06-20,3570.4,3579.09,3426.04,3454.59,13474258300.0
859,2021-06-27,3440.74,3545.43,3410.4,3535.02,15744372700.0
860,2021-07-04,3541.1,3543.7,3403.8,3408.24,14771313000.0
861,2021-07-11,3402.11,3434.15,3329.74,3361.6,15255714400.0
862,2021-07-18,3385.12,3414.42,3328.88,3369.9,16374271800.0
863,2021-07-25,3362.58,3410.82,3322.32,3357.45,16297633100.0
864,2021-08-01,3339.86,3339.86,3098.02,3132.82,20274672900.0
865,2021-08-08,3112.3,3266.3,3082.83,3195.7,17987106000.0
866,2021-08-15,3171.1,3298.41,3169.19,3217.84,17174687400.0
867,2021-08-22,3212.66,3246.93,3044.88,3072.76,20157076100.0
868,2021-08-29,3079.29,3173.37,3069.53,3123.05,16775237400.0
869,2021-09-05,3141.12,3203.32,3056.7,3175.88,27441347300.0
870,2021-09-12,3175.88,3268.73,3166.62,3252.32,24782428100.0
871,2021-09-19,3246.86,3271.1,3110.03,3161.92,23676371300.0
872,2021-09-26,3100.39,3173.05,3096.03,3145.11,11376211300.0
873,2021-10-03,3162.43,3224.57,3160.39,3196.99,15090970100.0
874,2021-10-10,3229.07,3263.93,3215.56,3256.26,3892310800.0
875,2021-10-17,3264.72,3318.14,3232.32,3294.83,15891527500.0
876,2021-10-24,3289.32,3336.73,3213.24,3318.13,15175002900.0
877,2021-10-31,3295.25,3327.66,3223.72,3267.25,14707317500.0
878,2021-11-07,3239.89,3267.76,3173.33,3201.55,15352064900.0
879,2021-11-14,3198.69,3241.13,3125.29,3220.55,14408607800.0
880,2021-11-21,3228.02,3243.45,3164.7,3212.91,11199822700.0
881,2021-11-28,3217.33,3247.78,3181.14,3187.36,11999644500.0
882,2021-12-05,3170.7,3221.42,3153.63,3221.42,13029102600.0
883,2021-12-12,3234.43,3393.16,3223.21,3353.63,18789013500.0
884,2021-12-19,3391.62,3428.74,3278.12,3278.9,14771147000.0
885,2021-12-26,3264.1,3306.91,3246.24,3290.24,11795199300.0
886,2022-01-02,3286.11,3308.23,3236.16,3274.32,10861143200.0
887,2022-01-09,3277.66,3289.16,3194.95,3223.27,13947181400.0
888,2022-01-16,3217.34,3247.9,3136.99,3139.04,16579025300.0
889,2022-01-23,3139.41,3251.22,3134.08,3218.74,16567848200.0
890,2022-01-30,3204.18,3218.98,3048.33,3054.02,14742270900.0
891,2022-02-06,,,,,0.0
892,2022-02-13,3102.62,3172.09,3061.22,3142.91,19608815500.0
893,2022-02-20,3131.39,3162.82,3093.64,3162.82,14241423400.0
894,2022-02-27,3155.32,3155.88,3038.35,3075.59,17030957300.0
895,2022-03-06,3069.1,3129.26,3049.56,3062.38,15402162900.0
896,2022-03-13,3042.02,3042.02,2809.99,2935.68,20166751200.0
897,2022-03-20,2889.84,2925.72,2688.7,2913.18,21717930700.0
898,2022-03-27,2919.26,2928.44,2855.33,2856.43,14578049300.0
899,2022-04-03,2817.26,2954.51,2798.7,2943.24,15693755300.0
900,2022-04-10,2918.5,2943.24,2889.2,2925.49,11245297000.0
901,2022-04-17,2908.54,2947.45,2827.63,2930.58,15931826100.0
902,2022-04-24,2902.44,2902.44,2769.67,2814.13,15049498800.0
903,2022-05-01,2750.56,2820.55,2667.91,2805.34,20592187800.0
904,2022-05-08,2806.04,2824.54,2716.16,2719.76,6271160600.0
905,2022-05-15,2706.42,2769.48,2644.87,2748.24,14745432800.0
906,2022-05-22,2764.39,2807.98,2708.81,2807.94,14160637600.0
907,2022-05-29,2813.93,2813.93,2717.74,2763.07,14249803200.0
908,2022-06-05,2777.85,2817.49,2767.09,2790.32,11170620500.0
909,2022-06-12,2792.44,2902.48,2762.96,2899.58,19829798700.0
910,2022-06-19,2862.9,2971.36,2808.98,2936.2,25271438100.0
911,2022-06-26,2935.22,2983.61,2890.76,2974.75,28395730900.0
912,2022-07-03,2991.1,3085.22,2991.1,3045.27,25649661800.0
913,2022-07-10,3031.06,3078.4,2968.35,2993.31,20156476600.0
914,2022-07-17,2974.36,2974.36,2839.39,2839.39,21860899300.0
915,2022-07-24,2849.99,2887.94,2826.13,2848.44,15397886100.0
916,2022-07-31,2846.83,2864.46,2784.57,2792.33,13191680000.0
917,2022-08-07,2785.69,2794.18,2705.73,2774.34,15261291900.0
918,2022-08-14,2762.32,2802.58,2719.61,2796.89,12482164900.0
919,2022-08-21,2787.51,2811.24,2750.06,2750.63,12873612200.0
920,2022-08-28,2737.4,2767.28,2706.15,2751.59,14295733600.0
921,2022-09-04,2721.86,2779.62,2698.33,2711.26,13891123800.0
922,2022-09-11,2700.11,2763.17,2676.6,2757.57,13421255400.0
923,2022-09-18,2769.41,2781.4,2678.03,2678.03,12691812600.0
924,2022-09-25,2677.33,2695.4,2618.94,2629.81,12947909000.0
925,2022-10-02,2612.67,2650.25,2596.96,2610.12,13447507000.0
926,2022-10-09,,,,,0.0
927,2022-10-16,2610.76,2611.05,2482.55,2584.68,14864730200.0
928,2022-10-23,2572.61,2598.21,2473.2,2487.22,12047720600.0
929,2022-10-30,2468.7,2493.06,2322.64,2326.94,17279690800.0
930,2022-11-06,2300.88,2479.23,2288.01,2468.28,20318520600.0
931,2022-11-13,2452.0,2546.09,2414.35,2518.05,19257154000.0
932,2022-11-20,2550.97,2595.3,2526.62,2546.72,17169972100.0
933,2022-11-27,2523.05,2562.08,2489.44,2544.61,16240450100.0
934,2022-12-04,2489.47,2678.34,2458.87,2614.61,19588575400.0
935,2022-12-11,2647.46,2712.88,2635.75,2706.74,19009961600.0
936,2022-12-18,2689.57,2700.4,2661.85,2688.29,13424054100.0
937,2022-12-25,2688.12,2696.93,2580.87,2615.88,10081595100.0
938,2023-01-01,2617.18,2648.4,2604.9,2635.25,11146469100.0
939,2023-01-08,2628.67,2721.93,2603.72,2713.63,11437777400.0
940,2023-01-15,2731.0,2787.36,2722.15,2787.36,12555377500.0
941,2023-01-22,2789.87,2864.88,2786.08,2836.81,14315577600.0
942,2023-01-29,,,,,0.0
943,2023-02-05,2895.36,2895.36,2753.06,2774.8,17468734000.0
944,2023-02-12,2744.7,2765.62,2716.73,2746.72,10546301900.0
945,2023-02-19,2739.72,2787.16,2712.5,2714.29,13592632800.0
946,2023-02-26,2720.05,2805.72,2717.5,2727.59,14362606100.0
947,2023-03-05,2713.42,2784.12,2703.26,2774.51,15652986800.0
948,2023-03-12,2773.27,2774.0,2636.01,2636.39,17901700000.0
949,2023-03-19,2637.82,2674.08,2620.43,2628.59,18374876900.0
950,2023-03-26,2632.25,2668.67,2614.28,2653.28,15970007500.0
951,2023-04-02,2652.79,2681.82,2626.58,2661.92,15065114900.0
952,2023-04-09,2667.18,2692.51,2655.07,2684.86,12853376100.0
953,2023-04-16,2690.43,2694.32,2652.96,2679.01,16833991500.0
954,2023-04-23,2680.63,2753.81,2652.26,2654.21,19107804300.0
955,2023-04-30,2655.08,2683.47,2596.56,2677.76,19061169700.0
956,2023-05-07,2663.45,2706.33,2654.23,2685.17,10085362300.0
957,2023-05-14,2694.57,2751.44,2630.29,2630.95,25512016400.0
958,2023-05-21,2628.46,2685.58,2614.96,2633.39,16646436200.0
959,2023-05-28,2630.11,2669.23,2536.26,2559.61,15134559400.0
960,2023-06-04,2565.59,2566.83,2485.86,2543.58,15497716800.0
961,2023-06-11,2540.02,2560.06,2504.1,2543.93,14271628400.0
962,2023-06-18,2536.38,2604.64,2523.97,2600.92,16783199500.0
963,2023-06-25,2591.33,2591.33,2519.08,2519.08,9757877700.0
964,2023-07-02,2500.86,2513.98,2481.75,2492.1,14061215600.0
965,2023-07-09,2496.92,2539.82,2484.89,2489.54,14723930500.0
966,2023-07-16,2501.53,2556.85,2495.87,2547.94,14840582700.0
967,2023-07-23,2535.64,2535.64,2496.81,2509.29,12749849300.0
968,2023-07-30,2492.22,2653.26,2492.19,2647.03,16382317700.0
969,2023-08-06,2666.49,2700.74,2612.35,2648.84,21029264800.0
970,2023-08-13,2635.78,2646.6,2568.9,2568.9,14372752900.0
971,2023-08-20,2538.85,2556.0,2507.58,2507.58,13815172000.0
972,2023-08-27,2498.13,2508.96,2459.33,2485.33,16631095700.0
973,2023-09-03,2612.31,2612.98,2505.83,2532.25,18902204100.0
974,2023-09-10,2550.17,2583.66,2512.41,2519.97,13448872400.0
975,2023-09-17,2519.3,2550.01,2508.24,2514.98,13412047300.0
976,2023-09-24,2509.15,2550.98,2489.32,2550.98,12811411100.0
977,2023-10-01,2548.89,2548.89,2504.21,2507.09,10136936800.0
978,2023-10-08,,,,,0.0
979,2023-10-15,2497.48,2524.2,2474.81,2489.12,14213643300.0
980,2023-10-22,2490.92,2491.62,2379.74,2389.22,13224034800.0
981,2023-10-29,2380.3,2426.8,2351.45,2414.91,15802409300.0
982,2023-11-05,2406.95,2456.38,2400.26,2436.94,14679446300.0
983,2023-11-12,2452.84,2460.76,2409.04,2414.02,14317577500.0
984,2023-11-19,2415.96,2431.82,2379.33,2398.2,11600066500.0
985,2023-11-26,2399.76,2432.77,2383.56,2391.02,10946154800.0
986,2023-12-03,2387.98,2387.98,2330.74,2352.0,12662418800.0
987,2023-12-10,2351.31,2353.0,2259.82,2281.65,13834862500.0
988,2023-12-17,2264.99,2306.04,2244.28,2245.29,13681073400.0
989,2023-12-24,2237.01,2282.77,2227.97,2270.5,13130402000.0
990,2023-12-31,2266.39,2327.68,2250.02,2326.17,13937972200.0
991,2024-01-07,2316.44,2316.74,2256.6,2268.54,12840501200.0
992,2024-01-14,2265.24,2272.04,2226.28,2237.21,14390148500.0
993,2024-01-21,2227.36,2256.8,2163.87,2243.54,17393547900.0
994,2024-01-28,2237.77,2323.35,2204.37,2314.37,24326122900.0
995,2024-02-04,2312.7,2327.36,2184.77,2229.01,23627265500.0
996,2024-02-11,2221.95,2355.77,2203.07,2352.58,23296939800.0
997,2024-02-18,,,,,0.0
998,2024-02-25,2368.45,2447.8,2348.41,2433.41,21727016900.0
999,2024-03-03,2427.23,2430.97,2378.14,2414.84,18932074200.0
1000,2024-03-10,2412.08,2450.43,2404.92,2426.17,19625522400.0
1001,2024-03-17,2426.73,2458.92,2409.61,2427.2,19656785800.0
1002,2024-03-24,2424.92,2441.6,2386.2,2403.2,16550034700.0
1003,2024-03-31,2398.32,2424.77,2387.42,2414.92,16882353100.0
1004,2024-04-07,2422.74,2448.88,2422.74,2430.17,10389642700.0
1005,2024-04-14,2419.03,2431.41,2370.28,2374.05,17276096400.0
1006,2024-04-21,2367.86,2468.36,2367.76,2430.58,22853673800.0
1007,2024-04-28,2433.18,2467.27,2406.88,2461.86,18384282200.0
1008,2024-05-05,2458.18,2492.93,2453.48,2464.24,10021556700.0
